seed,condition,run_id,dataset_a_sha256,dataset_b_sha256,entity_map_sha256,truth_signature_sha256
20260720,clean,2026-07-22_e1_clean_s20260720_seed20260720,a2fc4fd8231728056059a8662703e373cde3f289aee9c49bc053dc55d094356d,e76f10cd98a0b707e491a0809110b5e624041bd740a8500c1f6206e7578a50d7,e1028c7070853642793c6f35d6288242ac72e345c5d91f1d04b3efc51d082b4c,a57165bd5b4a3e972351fe331b6e91bd8159997643729e3caf2b7ea474396655
20260720,high_noise,2026-07-22_e1_high_noise_s20260720_seed20260720,a2fc4fd8231728056059a8662703e373cde3f289aee9c49bc053dc55d094356d,773a12bc3a44eb7cba0fda04ab965d3bf6bbd37e17458d6b1c91c9e4a5da1193,e1028c7070853642793c6f35d6288242ac72e345c5d91f1d04b3efc51d082b4c,a57165bd5b4a3e972351fe331b6e91bd8159997643729e3caf2b7ea474396655
20260720,low_overlap,2026-07-22_e1_low_overlap_s20260720_seed20260720,3a62ed20874195e90d630621b1661811658a99d7c592a9f92556dc829df3bf46,e959eb14cf990509aa547100612b07d992e0c85fa1020e1499c92456ce33181b,a0fc402bf7e51d618bc448611034d906e0cf45930ac683490050f83b43fc1728,a57165bd5b4a3e972351fe331b6e91bd8159997643729e3caf2b7ea474396655
20260720,one_to_many,2026-07-22_e1_one_to_many_s20260720_seed20260720,6ee07eae8cefa05f82d1d1bc8a64602c405f7b4d735a3a8a1f4d1dc906587441,a1978f36f871af3506552bcc1c73d9d94677115f883463324dd4a4a3bac14dec,5da4639a900d07588cdb5803e25e891b77942a2391d28a0d4a1b237c87e1228b,a57165bd5b4a3e972351fe331b6e91bd8159997643729e3caf2b7ea474396655
20260721,clean,2026-07-22_e1_clean_s20260721_seed20260721,e06bf3b3eed4778da509a1feff23689b9b8a58efb3210ce24fe6f2e557642c96,2bc87ef41a0934c4a087cbf58ba76da4e5906a87fcbe7c6916887fa36cbe788d,79c3b3970e78f1cee04eaecb1b38ed8c896a806818a630f48b7d74f08d2003ab,5b2699fa038b9d424ba9949877bcc8b022c936dd5105a10b57d8a03fa3ce1332
20260721,high_noise,2026-07-22_e1_high_noise_s20260721_seed20260721,e06bf3b3eed4778da509a1feff23689b9b8a58efb3210ce24fe6f2e557642c96,7de1ba925e940d7d78cd9ece98d00d3f693493ce6d2d81320ebfdbe29fc2e3ba,79c3b3970e78f1cee04eaecb1b38ed8c896a806818a630f48b7d74f08d2003ab,5b2699fa038b9d424ba9949877bcc8b022c936dd5105a10b57d8a03fa3ce1332
20260721,low_overlap,2026-07-22_e1_low_overlap_s20260721_seed20260721,627a98a984aa2532b2ca92c66791fd87df965cc5fe80a90d0739eb88af54a671,7602b705f0cbf02edd065d6990c478c364faad137849d8e280b7263cd3f626e7,e9e48f92569d60441b1b8c389d0e6bd496961ece484de4ffd4d7a1fb0f23b47f,5b2699fa038b9d424ba9949877bcc8b022c936dd5105a10b57d8a03fa3ce1332
20260721,one_to_many,2026-07-22_e1_one_to_many_s20260721_seed20260721,cfaa4529d6d7f93c79dcc7b2b477827da664f573740d214c63fdfbbbf49d35d1,a8b9b52930bc3318809b5a529bd6609df12dc22cfb65ff3dc588ba77ace51c54,6fac36ec675626533827a980d713396446bd117661b9b986d41c181994696d4c,5b2699fa038b9d424ba9949877bcc8b022c936dd5105a10b57d8a03fa3ce1332
20260722,clean,2026-07-22_e1_clean_s20260722_seed20260722,32c81fe3a9e5d819a2568476f1dace73eec8df86a39a3f8f5859d16153efa967,6e3c0ec1dafbcfb94db76450dd3195e8366d1e9129d4481a7ad635ea1f390b45,a84df9f115956cd8459986b7e067f03b4e40eaf29f4c22cd1a2194f26eb3bd8e,af269eb28d4e91c5233f052e21b5a15eeb8105d98c68b812b645b67c0dafbdbc
20260722,high_noise,2026-07-22_e1_high_noise_s20260722_seed20260722,32c81fe3a9e5d819a2568476f1dace73eec8df86a39a3f8f5859d16153efa967,2445565faa9dfb5499fe5a0389b8be6e35e6437325274b85ee04c411ecde7db1,a84df9f115956cd8459986b7e067f03b4e40eaf29f4c22cd1a2194f26eb3bd8e,af269eb28d4e91c5233f052e21b5a15eeb8105d98c68b812b645b67c0dafbdbc
20260722,low_overlap,2026-07-22_e1_low_overlap_s20260722_seed20260722,dc867b581ddb7333aa8c4c9745c9239991821203a35bb33532747658b9dedcee,c718507c1e3d2507083aaeb6306e2914b2d8773132ebaba3360c97334f781909,5860551a388c6e224445a117c1766e0a777614b355fc5fc4d6cdc2fe8ab5afa9,af269eb28d4e91c5233f052e21b5a15eeb8105d98c68b812b645b67c0dafbdbc
20260722,one_to_many,2026-07-22_e1_one_to_many_s20260722_seed20260722,f6de5d11c321d0bb7de2ccb5246abf67174653ac93488750ae88252b8ca2bd88,b671efe444488e4516f1d2d1802c90657258b171ae4dd2d1d472c12e13069e15,cbda97a77fefafd2f4ad1a454a4f93d98a2fefdd87e24ab19d6e028c43ee89f2,af269eb28d4e91c5233f052e21b5a15eeb8105d98c68b812b645b67c0dafbdbc
20260723,clean,2026-07-22_e1_clean_s20260723_seed20260723,65de1b525db9d49ee938af6bde134a827c6c6978e14d8e26e0ed5cdf6116fc41,6d07a861a51a255b04f6d2b9edfc0ebadc3bda55d41dfd986868155a9ea0526a,6d86e4e98fbd34be6f4234d810d53222584e573b7d49e42d88a06bd910597329,56fbd2e2b1637b53589892e0eae17e723b27720b1e7c236ebb026f233bfc8126
20260723,high_noise,2026-07-22_e1_high_noise_s20260723_seed20260723,65de1b525db9d49ee938af6bde134a827c6c6978e14d8e26e0ed5cdf6116fc41,32ba2b0ce25201ad363a9899eed1dac7fea5c51a95d9b693df32ffa0edd31ff7,6d86e4e98fbd34be6f4234d810d53222584e573b7d49e42d88a06bd910597329,56fbd2e2b1637b53589892e0eae17e723b27720b1e7c236ebb026f233bfc8126
20260723,low_overlap,2026-07-22_e1_low_overlap_s20260723_seed20260723,7e16598ed06abda6011b79e151390341344e1b85e9edd9ec95eb855460b02df7,e6ce98dc558f57525348ddcf0fc11dc50ef01baba31e1079f45640fffa79456a,8cf29a587812b9d3c0c87a47e9b274f454757a1eaab413593e6458daf0210a33,56fbd2e2b1637b53589892e0eae17e723b27720b1e7c236ebb026f233bfc8126
20260723,one_to_many,2026-07-22_e1_one_to_many_s20260723_seed20260723,41ec8e8580435bdc3083333602835786303be52326948b98072fb0389cb6b22f,77344f16d57b9befd1be81343567260a573c5e890f479950f888ecfcbd4c0566,8f970ad3d5582a439473ddbf98a261d616eaade33fc44889966b5e19a1c3a250,56fbd2e2b1637b53589892e0eae17e723b27720b1e7c236ebb026f233bfc8126
20260724,clean,2026-07-22_e1_clean_s20260724_seed20260724,a847d476d52a699d24f2c16ae0bce7be665d796a74124eae203c24eed95fdf9c,5cc7f528f3a20e102f2b9da406846dcb999f2026d9d89922361208e2a0cf6309,3b1a4cb03f50c1e38f9147b4c32e7b5555bf7768fe63b383fb65c06d83d1b542,1f302f14a5f0f9ac4296300a9ae7beccf08ac3ca3b5af6c56b44cf2d8714cce7
20260724,high_noise,2026-07-22_e1_high_noise_s20260724_seed20260724,a847d476d52a699d24f2c16ae0bce7be665d796a74124eae203c24eed95fdf9c,217fc53343d71254f9ed010d6bd251c3b2e30daa7c9d0e547ced96874bbcec48,3b1a4cb03f50c1e38f9147b4c32e7b5555bf7768fe63b383fb65c06d83d1b542,1f302f14a5f0f9ac4296300a9ae7beccf08ac3ca3b5af6c56b44cf2d8714cce7
20260724,low_overlap,2026-07-22_e1_low_overlap_s20260724_seed20260724,db6a904e1c317ef0b61cb1b1f21534b56bb62176369aef9479b2f72432bcc892,f393eafea55c6d4f283881dbc0c02c454118cc8ce39038f1762856a5bf17a721,bc0dd9e54d177a6cc320ab500957a7bbf45bc5b945d9878ed63cf610280e7dd4,1f302f14a5f0f9ac4296300a9ae7beccf08ac3ca3b5af6c56b44cf2d8714cce7
20260724,one_to_many,2026-07-22_e1_one_to_many_s20260724_seed20260724,89262b3cf37004ff40f49d9c18c861097dad75adcd152139515fd15a9f4223ce,2e8d660b86906f1a9b2acf189f321fd988037bbf7a69ce8976e898f5120041c7,503b52c053e6e57a0b9764b9f20788c02f0d2259e99111bb887db90025f6e8d2,1f302f14a5f0f9ac4296300a9ae7beccf08ac3ca3b5af6c56b44cf2d8714cce7
20260725,clean,2026-07-22_e1_clean_s20260725_seed20260725,6b4d9ff18b9e3e6f64cdd8130e828104a99775d8782da886d7362fa6cdd5dcb7,28a5da6a26843bb26fc4e9553b32674be9f6caca2fcb80f324319944d7cfc72a,4545c545bb14184c6d482197dd363e3ce0d265cef1e100a31cca3b1b12795b2c,53c16577688636275136b58626c54401e174898d40f24b95f7c02114f86aeef6
20260725,high_noise,2026-07-22_e1_high_noise_s20260725_seed20260725,6b4d9ff18b9e3e6f64cdd8130e828104a99775d8782da886d7362fa6cdd5dcb7,41075b51826bacd929a356955281e0374752c94679593beb5b2b0dd8bd2f3e02,4545c545bb14184c6d482197dd363e3ce0d265cef1e100a31cca3b1b12795b2c,53c16577688636275136b58626c54401e174898d40f24b95f7c02114f86aeef6
20260725,low_overlap,2026-07-22_e1_low_overlap_s20260725_seed20260725,34b5e0df9983bb914d508aba572deed1972c4907436cea66bfb6fd7989b75940,a821b81930c31db0fabdd895b23696cbff8b7081dc95fb5eae9cc6191209994b,b0ce49dd07bb6f32ea9176021348d2d4d76e0a000859a4b4dd96124e40fc35f3,53c16577688636275136b58626c54401e174898d40f24b95f7c02114f86aeef6
20260725,one_to_many,2026-07-22_e1_one_to_many_s20260725_seed20260725,8b84eb6666174b242a6d25d284f239bfdd390216807c0244d194478cb22bfd0c,3adc29407b94ba248807c6d037e43918bdbe51e1f5ce07b987bb281ab8273ae5,e270ef4c5cd69f0da29d95e1edfeacdd760644b6dc4e3994a709c37fd3c088f1,53c16577688636275136b58626c54401e174898d40f24b95f7c02114f86aeef6
20260726,clean,2026-07-22_e1_clean_s20260726_seed20260726,340a959dd3d9c41a4dfad5d6704082fdb54b196429d7950564e6619c4d480eda,c4700663cde1995c32597254b81a1f0326e33c357d2768a2c4af0b05d56c2433,228b5d339e59d7bd94ee4481b2f5195dc8118320fb5344ef266127c6642c21c2,2fee1f38a60e713b57625f39bf9084a0a5aec63037f90695bcaf4a66d372b149
20260726,high_noise,2026-07-22_e1_high_noise_s20260726_seed20260726,340a959dd3d9c41a4dfad5d6704082fdb54b196429d7950564e6619c4d480eda,4e140049a0ed2d6142fea8228219b20f646321f7196f6c74b14512b0f282c51b,228b5d339e59d7bd94ee4481b2f5195dc8118320fb5344ef266127c6642c21c2,2fee1f38a60e713b57625f39bf9084a0a5aec63037f90695bcaf4a66d372b149
20260726,low_overlap,2026-07-22_e1_low_overlap_s20260726_seed20260726,6b3f206945b817a8c540c9c48a62ff9ee07557386b945855d2b5bc31ccc440e1,c0ee5f19415aa5bd15ba8a35467919fa6f4546a7f42b6bb2dbaba60d58913ae3,4fcdbffff86fea8eff04245b8124b0b370932c53db87cb76856c093770cdd757,2fee1f38a60e713b57625f39bf9084a0a5aec63037f90695bcaf4a66d372b149
20260726,one_to_many,2026-07-22_e1_one_to_many_s20260726_seed20260726,293d4c725f130eb8c4f061186936d6f2bc9b5a5f2ecd074ff581eb4a5a295291,09677d8a14aeea9201bb433e8f2913439809c3423098c0efd4f8ecdcf8d30b99,bfb9604d723c1ba3e7bcd8889a58b91b407050a69a65577745c156c6194abe03,2fee1f38a60e713b57625f39bf9084a0a5aec63037f90695bcaf4a66d372b149
20260727,clean,2026-07-22_e1_clean_s20260727_seed20260727,2c3dbc296e4364f9e5268a9e026249abecf89605d836718be585c3ac3591b700,15b113f40accd2f13d635c24e20efef0790b4cdbcc2e322b6fa620e506753482,c4be33d985e8942c1b60d07013ba15ae0ff521ad7b3d3d0399416a609f56fc60,1d1b2faecb05ba56b66fa4c9ee101e88844e72c7b19c68b937406be415f5dbcc
20260727,high_noise,2026-07-22_e1_high_noise_s20260727_seed20260727,2c3dbc296e4364f9e5268a9e026249abecf89605d836718be585c3ac3591b700,40eda0af111a9e5493b0558511886e05ca6ad46718514dbdc26674d41046b931,c4be33d985e8942c1b60d07013ba15ae0ff521ad7b3d3d0399416a609f56fc60,1d1b2faecb05ba56b66fa4c9ee101e88844e72c7b19c68b937406be415f5dbcc
20260727,low_overlap,2026-07-22_e1_low_overlap_s20260727_seed20260727,fac320cf1b63e6ca86cd3c22377c81587a05348a914be31bfe2a65dc5463e59c,eb4f073e2fceb4c66946b64f8081b836b756e9122cde03165de8e224fcf25e98,6f4636c720fad498eb50f3ee8384e88a2245398a5fe2fa056c61a6702b615620,1d1b2faecb05ba56b66fa4c9ee101e88844e72c7b19c68b937406be415f5dbcc
20260727,one_to_many,2026-07-22_e1_one_to_many_s20260727_seed20260727,e08f91774aa9ffceaaef709fae4e8ea6ae63a6d50621b9c94755e52886f4ac35,e60d4692253c36a0341675dcb03ced4ed4dd0853ce81cc3d1e94d156f3df9869,5d061a2192de0fb1b9e9c60df4b0c04af5be02ebdd7df80abd2bfd009c9ea285,1d1b2faecb05ba56b66fa4c9ee101e88844e72c7b19c68b937406be415f5dbcc
20260728,clean,2026-07-22_e1_clean_s20260728_seed20260728,157ce41329b4e3351f066d87f5117c7a80ea65de2b1c3ef4b2c709f455d202aa,54be99a081da4932de3b8ee6ece8e3f666a3810e64762043c498d9d85cd07954,47d554ead24a73583219760627b469604780812a554bb7b704d37b32d6b0bb93,d98ab18f58559b4d6d26c8e9a7f4375a95981b992bcb895807dab060630aa54a
20260728,high_noise,2026-07-22_e1_high_noise_s20260728_seed20260728,157ce41329b4e3351f066d87f5117c7a80ea65de2b1c3ef4b2c709f455d202aa,16186c3f8c1165fb244a951c189418ac3a2392790da5c59f5d850ca7612a5128,47d554ead24a73583219760627b469604780812a554bb7b704d37b32d6b0bb93,d98ab18f58559b4d6d26c8e9a7f4375a95981b992bcb895807dab060630aa54a
20260728,low_overlap,2026-07-22_e1_low_overlap_s20260728_seed20260728,33c7c6ab0a7f482a7b07725f4aa82ba1791939543d3abb4028132166dba59f0c,6f3173d9e820a0c1174918dd1f12412c5fdbbe1ef69257260e5c9e3722a9f688,20d31daf4fe4f2238d764d3ea4937177ed7fe2d60a83467a7fc07f6ab3dd2c21,d98ab18f58559b4d6d26c8e9a7f4375a95981b992bcb895807dab060630aa54a
20260728,one_to_many,2026-07-22_e1_one_to_many_s20260728_seed20260728,b51806be994466a227fc0d01864c01187f6f35fbcc6403c9dba9b5240e6ac3d2,27377e948623d4fcd80da711155c4ec6a5590c2ab03e00c11bc6268a8f7516b5,1daadf49fd199fd0b40eeb8f47c6f6e2c6fb2918c3ce629bc391a2f347063c43,d98ab18f58559b4d6d26c8e9a7f4375a95981b992bcb895807dab060630aa54a
20260729,clean,2026-07-22_e1_clean_s20260729_seed20260729,4fc98ea6c3f42d825962793db70e3d218f3c5bd1e75ddcd7ec79b063c104b2fd,dabaf5ed30df304a91ebe638f4974813024bef4bf2d5ff9634a1595165676322,f8ccab71d5dcdb3ba15771ac76f328ceca5d7b1045fbaed2016c4ad73aac1c86,2099b8df50a7f32d2201d04713c2010f215127f61bade79d63744ba9bf38583d
20260729,high_noise,2026-07-22_e1_high_noise_s20260729_seed20260729,4fc98ea6c3f42d825962793db70e3d218f3c5bd1e75ddcd7ec79b063c104b2fd,173bd62b1b3289fbc9ebe78de0e608f9fe47aa6507786bacfee1fba0fc4ba9a0,f8ccab71d5dcdb3ba15771ac76f328ceca5d7b1045fbaed2016c4ad73aac1c86,2099b8df50a7f32d2201d04713c2010f215127f61bade79d63744ba9bf38583d
20260729,low_overlap,2026-07-22_e1_low_overlap_s20260729_seed20260729,db574413b11b54d214843195250ddb423a58265feeb59c02689b5e4015cd7f01,fbb655e30eb8d1d32d59d2793bb4107dfcc1141b2b5033dd495dbeaf5baa0aeb,ffc8a047bc1c7159eb7363f98359dd1aefd77304b39d345e041de127ed17eb41,2099b8df50a7f32d2201d04713c2010f215127f61bade79d63744ba9bf38583d
20260729,one_to_many,2026-07-22_e1_one_to_many_s20260729_seed20260729,7ca76596aeec5807429b84ce995c95b2a4f20df2ae5f1b1cca838e3d9b2b66ef,e9d1e43c2334f1ecc032c4848697b902b4df27e3ae68a3706bcaa014ce8ecefb,e3eb0c77ac626544e59ee0edd5febf29b799dee1a90373de017e47ce2feffa40,2099b8df50a7f32d2201d04713c2010f215127f61bade79d63744ba9bf38583d
