row_type,scenario,seed,matcher,calibration_mode,calibration_seed,evaluation_seed_disjoint,records,true_pairs,candidate_pairs,candidate_recall,precision,recall,f1,threshold,false_positive_count,co_resident_false_positive_count,co_resident_false_positive_share,co_resident_nonmatch_count,median_true_match_score,median_co_resident_nonmatch_score,median_random_nonmatch_score,random_nonmatch_sample_count,oracle_f1,oracle_threshold,score_label_sha256,source_run_path,source_run_manifest_sha256,n_seeds,precision_mean,precision_sd,precision_ci95_low,precision_ci95_high,recall_mean,recall_sd,recall_ci95_low,recall_ci95_high,f1_mean,f1_sd,f1_ci95_low,f1_ci95_high,threshold_mean,threshold_sd,threshold_ci95_low,threshold_ci95_high,candidate_recall_mean,candidate_recall_sd,candidate_recall_ci95_low,candidate_recall_ci95_high,false_positive_count_mean,false_positive_count_sd,false_positive_count_ci95_low,false_positive_count_ci95_high,co_resident_false_positive_count_mean,co_resident_false_positive_count_sd,co_resident_false_positive_count_ci95_low,co_resident_false_positive_count_ci95_high,co_resident_false_positive_share_mean,co_resident_false_positive_share_sd,co_resident_false_positive_share_ci95_low,co_resident_false_positive_share_ci95_high,median_true_match_score_mean,median_true_match_score_sd,median_true_match_score_ci95_low,median_true_match_score_ci95_high,median_co_resident_nonmatch_score_mean,median_co_resident_nonmatch_score_sd,median_co_resident_nonmatch_score_ci95_low,median_co_resident_nonmatch_score_ci95_high,median_random_nonmatch_score_mean,median_random_nonmatch_score_sd,median_random_nonmatch_score_ci95_low,median_random_nonmatch_score_ci95_high,oracle_f1_mean,oracle_f1_sd,oracle_f1_ci95_low,oracle_f1_ci95_high,precision_mean_difference,precision_difference_sd,precision_difference_ci95_low,precision_difference_ci95_high,recall_mean_difference,recall_difference_sd,recall_difference_ci95_low,recall_difference_ci95_high,f1_mean_difference,f1_difference_sd,f1_difference_ci95_low,f1_difference_ci95_high,paired_t_statistic,paired_t_p_value,wilcoxon_statistic,wilcoxon_p_value,sign_positive_count,sign_nonzero_count,exact_sign_p_value,false_positive_count_mean_difference,false_positive_count_difference_sd,false_positive_count_difference_ci95_low,false_positive_count_difference_ci95_high,co_resident_false_positive_count_mean_difference,co_resident_false_positive_count_difference_sd,co_resident_false_positive_count_difference_ci95_low,co_resident_false_positive_count_difference_ci95_high,co_resident_false_positive_share_mean_difference,co_resident_false_positive_share_difference_sd,co_resident_false_positive_share_difference_ci95_low,co_resident_false_positive_share_difference_ci95_high,median_true_match_score_mean_difference,median_true_match_score_difference_sd,median_true_match_score_difference_ci95_low,median_true_match_score_difference_ci95_high,median_co_resident_nonmatch_score_mean_difference,median_co_resident_nonmatch_score_difference_sd,median_co_resident_nonmatch_score_difference_ci95_low,median_co_resident_nonmatch_score_difference_ci95_high,median_random_nonmatch_score_mean_difference,median_random_nonmatch_score_difference_sd,median_random_nonmatch_score_difference_ci95_low,median_random_nonmatch_score_difference_ci95_high,oracle_f1_mean_difference,oracle_f1_difference_sd,oracle_f1_difference_ci95_low,oracle_f1_difference_ci95_high
per_seed,adoption_blended_family,20260720,splink,clean_frozen,20260719,True,16342.0,8165.0,46535.0,1.0,0.7362784471218207,0.7409675443968157,0.7386155536564522,0.9986013472769922,2167.0,2167.0,1.0,2167.0,0.9999999999998234,0.9999995246025223,0.001158135937865692,2167.0,0.8815114709851553,0.3880054100290566,b0d5778f270c896cc83a53dfe8a22acbb20898fbddb44b226b6953d927506909,phase2/runs/2026-07-24_e2_adoption_blended_family_s20260720_seed20260720,0d2af24979dd01af38c80581beca7504d4ff508ee6547c64560320270494c635,,,,,,,,,,,,,,,,,,,,,,,,,,,,,,,,,,,,,,,,,,,,,,,,,,,,,,,,,,,,,,,,,,,,,,,,,,,,,,,,,,,,,,,,,,,,,,,,
per_seed,adoption_blended_family,20260720,splink,scenario_specific,20260719,True,16342.0,8165.0,46535.0,1.0,0.7909549689440993,0.998162890385793,0.8825599653473388,8.29844182591372e-12,2154.0,2140.0,0.9935004642525533,2167.0,0.9999999999995546,0.999999484843649,1.815081574297989e-14,2167.0,0.8825599653473388,8.29844182591372e-12,a7bebdd78de061460e026f22deaa763cd0f8ae72a36e5b741e509e60ff39a1bd,phase2/runs/2026-07-24_e2_adoption_blended_family_s20260720_seed20260720,0d2af24979dd01af38c80581beca7504d4ff508ee6547c64560320270494c635,,,,,,,,,,,,,,,,,,,,,,,,,,,,,,,,,,,,,,,,,,,,,,,,,,,,,,,,,,,,,,,,,,,,,,,,,,,,,,,,,,,,,,,,,,,,,,,,
per_seed,adoption_blended_family,20260721,splink,clean_frozen,20260719,True,16336.0,8164.0,45997.0,1.0,0.734854922908826,0.7414257716805488,0.738125724041217,0.9986013472769922,2184.0,2183.0,0.9995421245421245,2183.0,0.9999999999998234,0.9999995246025223,0.001158135937865692,2183.0,0.8811656772800862,0.3880054100290566,a7dc0b53decbd6c041987b8095910d0bf7ca210d4f4815a301a262e4f46b0041,phase2/runs/2026-07-24_e2_adoption_blended_family_s20260721_seed20260721,d876917e68a5d2f1f9afa56dab8193901c16bca5310b17ba18ad13f3ad52aef1,,,,,,,,,,,,,,,,,,,,,,,,,,,,,,,,,,,,,,,,,,,,,,,,,,,,,,,,,,,,,,,,,,,,,,,,,,,,,,,,,,,,,,,,,,,,,,,,
per_seed,adoption_blended_family,20260721,splink,scenario_specific,20260719,True,16336.0,8164.0,45997.0,1.0,0.7893157843801413,0.9990200881920627,0.8818727361193708,8.29844182591372e-12,2177.0,2162.0,0.9931097841065687,2183.0,0.9999999999995546,0.999999484843649,1.815081574297989e-14,2183.0,0.8818727361193708,8.29844182591372e-12,1076c69da4da848f2f4e615c9c405b5da10eab4cd91b1d8493f179f3e61c40ea,phase2/runs/2026-07-24_e2_adoption_blended_family_s20260721_seed20260721,d876917e68a5d2f1f9afa56dab8193901c16bca5310b17ba18ad13f3ad52aef1,,,,,,,,,,,,,,,,,,,,,,,,,,,,,,,,,,,,,,,,,,,,,,,,,,,,,,,,,,,,,,,,,,,,,,,,,,,,,,,,,,,,,,,,,,,,,,,,
per_seed,adoption_blended_family,20260722,splink,clean_frozen,20260719,True,16372.0,8183.0,46732.0,1.0,0.7351869839728024,0.7399486740804107,0.7375601437359156,0.9986013472769922,2181.0,2179.0,0.9990829894543787,2179.0,0.9999999999998234,0.9999995246025223,0.001158135937865692,2179.0,0.8813139472267096,0.3880054100290566,6c8f0af712031e05174ac607f9f90c4c5679f57c711dcbb2d4e03cf75d517008,phase2/runs/2026-07-24_e2_adoption_blended_family_s20260722_seed20260722,1b8f6de260d16856d387ec1a4ed49d0031ce7a6c88a55f274ef5d2ba74deb3ac,,,,,,,,,,,,,,,,,,,,,,,,,,,,,,,,,,,,,,,,,,,,,,,,,,,,,,,,,,,,,,,,,,,,,,,,,,,,,,,,,,,,,,,,,,,,,,,,
per_seed,adoption_blended_family,20260722,splink,scenario_specific,20260719,True,16372.0,8183.0,46732.0,1.0,0.7879459980713597,0.9985335451545888,0.8808278984530803,8.29844182591372e-12,2199.0,2168.0,0.9859026830377444,2179.0,0.9999999999995546,0.999999484843649,1.815081574297989e-14,2179.0,0.8808278984530803,8.29844182591372e-12,b74dfeaf36d135369b6e9d8c624751518b014fc88d13c170423fb89dd79c69c8,phase2/runs/2026-07-24_e2_adoption_blended_family_s20260722_seed20260722,1b8f6de260d16856d387ec1a4ed49d0031ce7a6c88a55f274ef5d2ba74deb3ac,,,,,,,,,,,,,,,,,,,,,,,,,,,,,,,,,,,,,,,,,,,,,,,,,,,,,,,,,,,,,,,,,,,,,,,,,,,,,,,,,,,,,,,,,,,,,,,,
per_seed,adoption_blended_family,20260723,splink,clean_frozen,20260719,True,16348.0,8169.0,45818.0,1.0,0.7370983446932814,0.7413392092055331,0.7392126945376869,0.9986013472769922,2160.0,2160.0,1.0,2160.0,0.9999999999998234,0.9999995246025223,0.001158135937865692,2160.0,0.8815150534153448,0.3880054100290566,8986f098bdeb2d7dd746175197fa302b7384b8b220b2bbc4b77e94268fc75a33,phase2/runs/2026-07-24_e2_adoption_blended_family_s20260723_seed20260723,1cd90a2783a8b3e35523d4093eac25d3fd0bff4bf6547b180b3d3e3aa30179f8,,,,,,,,,,,,,,,,,,,,,,,,,,,,,,,,,,,,,,,,,,,,,,,,,,,,,,,,,,,,,,,,,,,,,,,,,,,,,,,,,,,,,,,,,,,,,,,,
per_seed,adoption_blended_family,20260723,splink,scenario_specific,20260719,True,16348.0,8169.0,45818.0,1.0,0.7898712113876247,0.9985310319500551,0.8820285467128028,8.29844182591372e-12,2170.0,2142.0,0.9870967741935484,2160.0,0.9999999999995546,0.999999484843649,1.815081574297989e-14,2160.0,0.8820285467128028,8.29844182591372e-12,2dff4beb8ed2c52576dfc8b4114eec15bd4781e65a8f0375da543ee5ef1846e1,phase2/runs/2026-07-24_e2_adoption_blended_family_s20260723_seed20260723,1cd90a2783a8b3e35523d4093eac25d3fd0bff4bf6547b180b3d3e3aa30179f8,,,,,,,,,,,,,,,,,,,,,,,,,,,,,,,,,,,,,,,,,,,,,,,,,,,,,,,,,,,,,,,,,,,,,,,,,,,,,,,,,,,,,,,,,,,,,,,,
per_seed,adoption_blended_family,20260724,splink,clean_frozen,20260719,True,16322.0,8155.0,45886.0,1.0,0.7383245945616388,0.7424892703862661,0.7404010760577159,0.9986013472769922,2146.0,2145.0,0.9995340167753961,2145.0,0.9999999999998234,0.9999995246025223,0.001158135937865692,2145.0,0.8824325055456366,0.3880054100290566,b027b2e3a43a47d637fa248365fc519ebd6983c39719b4a31d9c938ed4185b5a,phase2/runs/2026-07-24_e2_adoption_blended_family_s20260724_seed20260724,6f6137c0f7099e0157e2283d4c1116e36e40eed6e5e8e356c52f48068096ae96,,,,,,,,,,,,,,,,,,,,,,,,,,,,,,,,,,,,,,,,,,,,,,,,,,,,,,,,,,,,,,,,,,,,,,,,,,,,,,,,,,,,,,,,,,,,,,,,
per_seed,adoption_blended_family,20260724,splink,scenario_specific,20260719,True,16322.0,8155.0,45886.0,1.0,0.7895706116119027,0.9988963825873697,0.8819835426591598,8.29844182591372e-12,2171.0,2129.0,0.9806540764624597,2145.0,0.9999999999995546,0.999999484843649,1.815081574297989e-14,2145.0,0.8819835426591598,8.29844182591372e-12,aa2600b5da7659814b19fd221bda0e5ffe834e2bcb9b3b7a32b68ee331d5a1e9,phase2/runs/2026-07-24_e2_adoption_blended_family_s20260724_seed20260724,6f6137c0f7099e0157e2283d4c1116e36e40eed6e5e8e356c52f48068096ae96,,,,,,,,,,,,,,,,,,,,,,,,,,,,,,,,,,,,,,,,,,,,,,,,,,,,,,,,,,,,,,,,,,,,,,,,,,,,,,,,,,,,,,,,,,,,,,,,
per_seed,adoption_blended_family,20260725,splink,clean_frozen,20260719,True,16336.0,8162.0,45404.0,1.0,0.7363492642587863,0.741852487135506,0.7390906316753126,0.9986013472769922,2168.0,2161.0,0.9967712177121771,2161.0,0.9999999999998234,0.9999995246025223,0.1267123382008275,2161.0,0.8815682885996652,0.3880054100290566,6ac608630b81f45812a3a13f24820c3c61b979bb50b4243d309c8c6a5668d275,phase2/runs/2026-07-24_e2_adoption_blended_family_s20260725_seed20260725,8c6aeffb1fe003416ada87b5f097ee402c6c3b3eaf3d49b5c7999a5bf0a31177,,,,,,,,,,,,,,,,,,,,,,,,,,,,,,,,,,,,,,,,,,,,,,,,,,,,,,,,,,,,,,,,,,,,,,,,,,,,,,,,,,,,,,,,,,,,,,,,
per_seed,adoption_blended_family,20260725,splink,scenario_specific,20260719,True,16336.0,8162.0,45404.0,1.0,0.7897132894227044,0.9988973290860084,0.8820729200476036,8.29844182591372e-12,2171.0,2141.0,0.9861814831874712,2161.0,0.9999999999995546,0.999999484843649,4.1110593823244445e-12,2161.0,0.8820729200476036,8.29844182591372e-12,595a347ba09093f38148fc60d9a2273e0a8e131ffe28f39766f2910d705d85d1,phase2/runs/2026-07-24_e2_adoption_blended_family_s20260725_seed20260725,8c6aeffb1fe003416ada87b5f097ee402c6c3b3eaf3d49b5c7999a5bf0a31177,,,,,,,,,,,,,,,,,,,,,,,,,,,,,,,,,,,,,,,,,,,,,,,,,,,,,,,,,,,,,,,,,,,,,,,,,,,,,,,,,,,,,,,,,,,,,,,,
per_seed,adoption_blended_family,20260726,splink,clean_frozen,20260719,True,16321.0,8156.0,45298.0,1.0,0.7370023134055765,0.7421530161844041,0.7395686969271182,0.9986013472769922,2160.0,2159.0,0.999537037037037,2159.0,0.9999999999998234,0.9999995246025223,0.001158135937865692,2159.0,0.8819680994863477,0.3880054100290566,c38c2939dc7850f48714767e0443f2cba315a7f8ad7972e6945885c8a1625d10,phase2/runs/2026-07-24_e2_adoption_blended_family_s20260726_seed20260726,1d32eb9ab5ef5df30e3f48662f9e56d3a7c51752b37650dd23e10c0c2d2d17a7,,,,,,,,,,,,,,,,,,,,,,,,,,,,,,,,,,,,,,,,,,,,,,,,,,,,,,,,,,,,,,,,,,,,,,,,,,,,,,,,,,,,,,,,,,,,,,,,
per_seed,adoption_blended_family,20260726,splink,scenario_specific,20260719,True,16321.0,8156.0,45298.0,1.0,0.790715742449257,0.9982834722903384,0.8824581368883108,8.29844182591372e-12,2155.0,2141.0,0.9935034802784223,2159.0,0.9999999999995546,0.999999484843649,1.815081574297989e-14,2159.0,0.8824581368883108,8.29844182591372e-12,dae7273b030aa74448317424ac74a4619cda86354207d9cd5c684a05b24742d9,phase2/runs/2026-07-24_e2_adoption_blended_family_s20260726_seed20260726,1d32eb9ab5ef5df30e3f48662f9e56d3a7c51752b37650dd23e10c0c2d2d17a7,,,,,,,,,,,,,,,,,,,,,,,,,,,,,,,,,,,,,,,,,,,,,,,,,,,,,,,,,,,,,,,,,,,,,,,,,,,,,,,,,,,,,,,,,,,,,,,,
per_seed,adoption_blended_family,20260727,splink,clean_frozen,20260719,True,16341.0,8164.0,44820.0,1.0,0.7360165369649806,0.7414257716805488,0.7387112521357091,0.9986013472769922,2171.0,2170.0,0.9995393827729157,2170.0,0.9999999999998234,0.9999995246025223,0.001189328282869064,2170.0,0.8807379038783105,0.3880054100290566,14620e63cabbac656c7f0ed0d78f232c0bfe8f372519ad19f873e083a817080f,phase2/runs/2026-07-24_e2_adoption_blended_family_s20260727_seed20260727,b0efb1e9e50b9bd8da9239bd093c09998465ad47eb0a4786fc9ff950ceaf47e5,,,,,,,,,,,,,,,,,,,,,,,,,,,,,,,,,,,,,,,,,,,,,,,,,,,,,,,,,,,,,,,,,,,,,,,,,,,,,,,,,,,,,,,,,,,,,,,,
per_seed,adoption_blended_family,20260727,splink,scenario_specific,20260719,True,16341.0,8164.0,44820.0,1.0,0.7884968583856936,0.9991425771680549,0.8814090442487438,8.29844182591372e-12,2188.0,2158.0,0.9862888482632541,2170.0,0.9999999999995546,0.999999484843649,1.815081574297989e-14,2170.0,0.8814090442487438,8.29844182591372e-12,339adba552d915962f79fff36f95c3cbbe3130c8e7b1765b4b18be1cde0351c1,phase2/runs/2026-07-24_e2_adoption_blended_family_s20260727_seed20260727,b0efb1e9e50b9bd8da9239bd093c09998465ad47eb0a4786fc9ff950ceaf47e5,,,,,,,,,,,,,,,,,,,,,,,,,,,,,,,,,,,,,,,,,,,,,,,,,,,,,,,,,,,,,,,,,,,,,,,,,,,,,,,,,,,,,,,,,,,,,,,,
per_seed,adoption_blended_family,20260728,splink,clean_frozen,20260719,True,16323.0,8156.0,45791.0,1.0,0.7378427787934186,0.7422756253065228,0.7400525640242039,0.9986013472769922,2151.0,2151.0,1.0,2151.0,0.9999999999998234,0.9999995246025223,0.001158135937865692,2151.0,0.8822543133755205,0.3880054100290566,806ea4b651ef107004d2ee01a7cd36b0e5f8973af90bf3afc3d7e5f27b5f781a,phase2/runs/2026-07-24_e2_adoption_blended_family_s20260728_seed20260728,2fde45989dcda3f616e30c3f7fdc8c05acbf1fff00bd6880b8be1ad0e01a90f6,,,,,,,,,,,,,,,,,,,,,,,,,,,,,,,,,,,,,,,,,,,,,,,,,,,,,,,,,,,,,,,,,,,,,,,,,,,,,,,,,,,,,,,,,,,,,,,,
per_seed,adoption_blended_family,20260728,splink,scenario_specific,20260719,True,16323.0,8156.0,45791.0,1.0,0.7900659681800544,0.9985286905345758,0.8821490467937609,8.29844182591372e-12,2164.0,2140.0,0.988909426987061,2151.0,0.9999999999995546,0.999999484843649,1.815081574297989e-14,2151.0,0.8821490467937609,8.29844182591372e-12,60a691ba137ec5f91ca341ed584d7da5800902998c343fab8db88a73f5a64066,phase2/runs/2026-07-24_e2_adoption_blended_family_s20260728_seed20260728,2fde45989dcda3f616e30c3f7fdc8c05acbf1fff00bd6880b8be1ad0e01a90f6,,,,,,,,,,,,,,,,,,,,,,,,,,,,,,,,,,,,,,,,,,,,,,,,,,,,,,,,,,,,,,,,,,,,,,,,,,,,,,,,,,,,,,,,,,,,,,,,
per_seed,adoption_blended_family,20260729,splink,clean_frozen,20260719,True,16306.0,8149.0,44508.0,1.0,0.7368228849665247,0.7427905264449626,0.7397946712295284,0.9986013472769922,2162.0,2160.0,0.9990749306197965,2160.0,0.9999999999998234,0.9999995246025223,0.1267123382008275,2160.0,0.8812587866335028,0.3880054100290566,6d83129513235e2811f4dc63eafbc7c6d01c6750c4367d15b68a8eeb86a73e3c,phase2/runs/2026-07-24_e2_adoption_blended_family_s20260729_seed20260729,e90ef7fc81a6dd72806721c1e3b0c4222c462e4471210bf71072ab4394233626,,,,,,,,,,,,,,,,,,,,,,,,,,,,,,,,,,,,,,,,,,,,,,,,,,,,,,,,,,,,,,,,,,,,,,,,,,,,,,,,,,,,,,,,,,,,,,,,
per_seed,adoption_blended_family,20260729,splink,scenario_specific,20260719,True,16306.0,8149.0,44508.0,1.0,0.7885454016862099,0.99852742667812,0.8811999133636561,8.29844182591372e-12,2182.0,2152.0,0.9862511457378552,2160.0,0.9999999999995546,0.999999484843649,4.1110593823244445e-12,2160.0,0.8811999133636561,8.29844182591372e-12,bccbd5d5617635867ae1003c48a9d2d8b02225ea28b2f9fc834a62ebf3a3b944,phase2/runs/2026-07-24_e2_adoption_blended_family_s20260729_seed20260729,e90ef7fc81a6dd72806721c1e3b0c4222c462e4471210bf71072ab4394233626,,,,,,,,,,,,,,,,,,,,,,,,,,,,,,,,,,,,,,,,,,,,,,,,,,,,,,,,,,,,,,,,,,,,,,,,,,,,,,,,,,,,,,,,,,,,,,,,
per_seed,couple_merge,20260720,splink,clean_frozen,20260719,True,16510.0,10460.0,46243.0,0.9979923518164436,0.9689763399323998,0.7673996175908222,0.8564874093043108,0.9986013472769922,257.0,250.0,0.9727626459143969,250.0,0.9986013472769922,0.9999995246025223,0.001158135937865692,250.0,0.9786243587307619,0.3880054100290566,38ccc9e5644d6f3c40c3584f298350c06d65c5cacfe2182e752c5a417482a348,phase2/runs/2026-07-24_e2_couple_merge_s20260720_seed20260720,e2a63b753953c23f620ffe6972ba7f21b77774c0951c6d745a5738b6228ef921,,,,,,,,,,,,,,,,,,,,,,,,,,,,,,,,,,,,,,,,,,,,,,,,,,,,,,,,,,,,,,,,,,,,,,,,,,,,,,,,,,,,,,,,,,,,,,,,
per_seed,couple_merge,20260720,splink,scenario_specific,20260719,True,16510.0,10460.0,46243.0,0.9979923518164436,0.9740849333207225,0.9846080305927343,0.979318214234774,0.9449243505406807,274.0,250.0,0.9124087591240876,250.0,0.9999552716473126,0.999998735663126,0.08779217131535041,250.0,0.9794152602804849,0.9295598530214005,43ce2971e33398d6e6b807c72ed9dcbb3f6248956bf230886d37ac47f9156155,phase2/runs/2026-07-24_e2_couple_merge_s20260720_seed20260720,e2a63b753953c23f620ffe6972ba7f21b77774c0951c6d745a5738b6228ef921,,,,,,,,,,,,,,,,,,,,,,,,,,,,,,,,,,,,,,,,,,,,,,,,,,,,,,,,,,,,,,,,,,,,,,,,,,,,,,,,,,,,,,,,,,,,,,,,
per_seed,couple_merge,20260721,splink,clean_frozen,20260719,True,16510.0,10460.0,45861.0,0.9980879541108987,0.9655377302436126,0.7767686424474187,0.8609271523178808,0.9986013472769922,290.0,285.0,0.9827586206896551,285.0,0.9986013472769922,0.9999995246025223,0.0007921810299611543,285.0,0.9775163646712836,0.3880054100290566,120db3ee4b6623fc6a28a2ea6263c2cc620c46fca16012dd27907b6188ef40b1,phase2/runs/2026-07-24_e2_couple_merge_s20260721_seed20260721,afc5781c6414cc247b3dcddb03eefec587fd499dab5ee15cff7b723ed0cd0f74,,,,,,,,,,,,,,,,,,,,,,,,,,,,,,,,,,,,,,,,,,,,,,,,,,,,,,,,,,,,,,,,,,,,,,,,,,,,,,,,,,,,,,,,,,,,,,,,
per_seed,couple_merge,20260721,splink,scenario_specific,20260719,True,16510.0,10460.0,45861.0,0.9980879541108987,0.9706103993971364,0.9850860420650096,0.9777946479407857,0.9449243505406807,312.0,285.0,0.9134615384615384,285.0,0.9999552716473126,0.999998735663126,0.028729605403080533,285.0,0.9777946479407857,0.9449243505406807,9eb3624f7bb7edfc45123ec3d11833f4850571e3241b529990fcbcd49715d10b,phase2/runs/2026-07-24_e2_couple_merge_s20260721_seed20260721,afc5781c6414cc247b3dcddb03eefec587fd499dab5ee15cff7b723ed0cd0f74,,,,,,,,,,,,,,,,,,,,,,,,,,,,,,,,,,,,,,,,,,,,,,,,,,,,,,,,,,,,,,,,,,,,,,,,,,,,,,,,,,,,,,,,,,,,,,,,
per_seed,couple_merge,20260722,splink,clean_frozen,20260719,True,16510.0,10460.0,45601.0,0.9979923518164436,0.9699771826588207,0.7721797323135755,0.8598498962048226,0.9986013472769922,250.0,249.0,0.996,249.0,0.9986013472769922,0.9999995246025223,0.001158135937865692,249.0,0.9800645528764002,0.3880054100290566,b26ed181484f59bd66334aa4f1f5c9df3c898982d23f5690fb0b9d78a677fe47,phase2/runs/2026-07-24_e2_couple_merge_s20260722_seed20260722,bb39f052d3237fb02902e98982fba23eed704cc4a4ead82c41fce8e51bb37148,,,,,,,,,,,,,,,,,,,,,,,,,,,,,,,,,,,,,,,,,,,,,,,,,,,,,,,,,,,,,,,,,,,,,,,,,,,,,,,,,,,,,,,,,,,,,,,,
per_seed,couple_merge,20260722,splink,scenario_specific,20260719,True,16510.0,10460.0,45601.0,0.9979923518164436,0.9735898887002452,0.9868068833652007,0.9801538315449624,0.9449243505406807,280.0,249.0,0.8892857142857142,249.0,0.9999552716473126,0.999998735663126,0.08779217131535041,249.0,0.9802506646410938,0.9295598530214005,35ec72094eec703dba7d7f55a59bc47cd2bd7fcf9d670a5d7d90b42982b70bdd,phase2/runs/2026-07-24_e2_couple_merge_s20260722_seed20260722,bb39f052d3237fb02902e98982fba23eed704cc4a4ead82c41fce8e51bb37148,,,,,,,,,,,,,,,,,,,,,,,,,,,,,,,,,,,,,,,,,,,,,,,,,,,,,,,,,,,,,,,,,,,,,,,,,,,,,,,,,,,,,,,,,,,,,,,,
per_seed,couple_merge,20260723,splink,clean_frozen,20260719,True,16510.0,10460.0,45660.0,0.9978011472275334,0.9726782504493708,0.7760038240917781,0.8632810422759905,0.9986013472769922,228.0,221.0,0.9692982456140351,221.0,0.9986013472769922,0.9999995246025223,0.001158135937865692,221.0,0.9808268709263047,0.3880054100290566,5cb8958a3fa0a63f6ad0bd50148eefc5cebaa9638992793b040447ae6e28a597,phase2/runs/2026-07-24_e2_couple_merge_s20260723_seed20260723,7f34d692e0e23ae718be1283a4302b1c8cf120c82f638d4b60ce75be541076da,,,,,,,,,,,,,,,,,,,,,,,,,,,,,,,,,,,,,,,,,,,,,,,,,,,,,,,,,,,,,,,,,,,,,,,,,,,,,,,,,,,,,,,,,,,,,,,,
per_seed,couple_merge,20260723,splink,scenario_specific,20260719,True,16510.0,10460.0,45660.0,0.9978011472275334,0.9767860526814478,0.9855640535372849,0.9811554201960597,0.9449243505406807,245.0,221.0,0.9020408163265307,221.0,0.9999552716473126,0.999998735663126,0.028729605403080533,221.0,0.9811554201960597,0.9449243505406807,045b6fd614f842c08784e401e76b94e6ad8cc3dca5a5d074c03d3008879687a2,phase2/runs/2026-07-24_e2_couple_merge_s20260723_seed20260723,7f34d692e0e23ae718be1283a4302b1c8cf120c82f638d4b60ce75be541076da,,,,,,,,,,,,,,,,,,,,,,,,,,,,,,,,,,,,,,,,,,,,,,,,,,,,,,,,,,,,,,,,,,,,,,,,,,,,,,,,,,,,,,,,,,,,,,,,
per_seed,couple_merge,20260724,splink,clean_frozen,20260719,True,16510.0,10460.0,45877.0,0.9982791586998088,0.967523844017868,0.7661567877629063,0.8551459211438937,0.9986013472769922,269.0,268.0,0.9962825278810409,268.0,0.9986013472769922,0.9999995246025223,0.001158135937865692,268.0,0.9778599535390887,0.3880054100290566,268f99df61152363a4f45ca26ac79dd3e1853efb51c74fc5a47b26acdd1295af,phase2/runs/2026-07-24_e2_couple_merge_s20260724_seed20260724,091a2782f4ec0737e6d2d56e36a8c2abed5299dac222f96219ccd45668fb7ba4,,,,,,,,,,,,,,,,,,,,,,,,,,,,,,,,,,,,,,,,,,,,,,,,,,,,,,,,,,,,,,,,,,,,,,,,,,,,,,,,,,,,,,,,,,,,,,,,
per_seed,couple_merge,20260724,splink,scenario_specific,20260719,True,16510.0,10460.0,45877.0,0.9982791586998088,0.9710895564554101,0.9858508604206501,0.978414535793918,0.9449243505406807,307.0,268.0,0.8729641693811075,268.0,0.9999552716473126,0.999998735663126,0.028729605403080533,268.0,0.9784629981024668,0.9295598530214005,4a51b9423aac6af109b33d4fbbe8901c32b098104e42cdb36ba3fad6a5d3b008,phase2/runs/2026-07-24_e2_couple_merge_s20260724_seed20260724,091a2782f4ec0737e6d2d56e36a8c2abed5299dac222f96219ccd45668fb7ba4,,,,,,,,,,,,,,,,,,,,,,,,,,,,,,,,,,,,,,,,,,,,,,,,,,,,,,,,,,,,,,,,,,,,,,,,,,,,,,,,,,,,,,,,,,,,,,,,
per_seed,couple_merge,20260725,splink,clean_frozen,20260719,True,16510.0,10460.0,44767.0,0.9978967495219885,0.971400989501629,0.7695984703632888,0.8588040753187178,0.9986013472769922,237.0,231.0,0.9746835443037974,231.0,0.9986013472769922,0.9999995246025223,0.001158135937865692,231.0,0.9800361251069495,0.3880054100290566,fadb8fd4afb545efc7bf60ec6f748f0f4a9d1a90940ccae63fa07f3150931de2,phase2/runs/2026-07-24_e2_couple_merge_s20260725_seed20260725,0b4a4baf8dc5796f303a9bded2fd95c0f724c6e78f6caa292dd1cab2babca212,,,,,,,,,,,,,,,,,,,,,,,,,,,,,,,,,,,,,,,,,,,,,,,,,,,,,,,,,,,,,,,,,,,,,,,,,,,,,,,,,,,,,,,,,,,,,,,,
per_seed,couple_merge,20260725,splink,scenario_specific,20260719,True,16510.0,10460.0,44767.0,0.9978967495219885,0.9751229663261445,0.9855640535372849,0.9803157093952074,0.9449243505406807,263.0,231.0,0.8783269961977186,231.0,0.9999552716473126,0.999998735663126,0.08779217131535041,231.0,0.9803157093952074,0.9449243505406807,8034b487d1dc4a89b2d0a3fc8ca6b5216be70dc1edaa6bc6a9c555d8719e3f4c,phase2/runs/2026-07-24_e2_couple_merge_s20260725_seed20260725,0b4a4baf8dc5796f303a9bded2fd95c0f724c6e78f6caa292dd1cab2babca212,,,,,,,,,,,,,,,,,,,,,,,,,,,,,,,,,,,,,,,,,,,,,,,,,,,,,,,,,,,,,,,,,,,,,,,,,,,,,,,,,,,,,,,,,,,,,,,,
per_seed,couple_merge,20260726,splink,clean_frozen,20260719,True,16510.0,10460.0,44819.0,0.9978011472275334,0.9665391969407265,0.7732313575525812,0.8591459528362013,0.9986013472769922,280.0,280.0,1.0,280.0,0.9986013472769922,0.9999995246025223,0.001158135937865692,280.0,0.9785700739616917,0.3880054100290566,d30f051a6a2c9d5da756b70aac48a6e852e52ba986378ced8b709780c3633064,phase2/runs/2026-07-24_e2_couple_merge_s20260726_seed20260726,86a773c7ab118131a75485919f753ebe92230cfec9eb930c3f41565a06dfb992,,,,,,,,,,,,,,,,,,,,,,,,,,,,,,,,,,,,,,,,,,,,,,,,,,,,,,,,,,,,,,,,,,,,,,,,,,,,,,,,,,,,,,,,,,,,,,,,
per_seed,couple_merge,20260726,splink,scenario_specific,20260719,True,16510.0,10460.0,44819.0,0.9978011472275334,0.9718429230624352,0.9866156787762906,0.9791735850846814,0.9449243505406807,299.0,280.0,0.9364548494983278,280.0,0.9999552716473126,0.999998735663126,0.028729605403080533,280.0,0.9791735850846814,0.9449243505406807,6390577ac7f20d59a48a8540d8e1dacbe1f0c94548b6c901968fef3ec4dd9624,phase2/runs/2026-07-24_e2_couple_merge_s20260726_seed20260726,86a773c7ab118131a75485919f753ebe92230cfec9eb930c3f41565a06dfb992,,,,,,,,,,,,,,,,,,,,,,,,,,,,,,,,,,,,,,,,,,,,,,,,,,,,,,,,,,,,,,,,,,,,,,,,,,,,,,,,,,,,,,,,,,,,,,,,
per_seed,couple_merge,20260727,splink,clean_frozen,20260719,True,16510.0,10460.0,44211.0,0.9978967495219885,0.9671239356669821,0.7818355640535373,0.8646648340029605,0.9986013472769922,278.0,278.0,1.0,278.0,0.9986013472769922,0.9999995246025223,0.001158135937865692,278.0,0.9786063279730564,0.3880054100290566,92fa1b7637eff95eab8dc3ae80bcb515db5188453f2cff7314365d20890c2617,phase2/runs/2026-07-24_e2_couple_merge_s20260727_seed20260727,a51a34dcafdee993d9995d3047587b4fc93eee870c43c218cf57f0f8b3c3836d,,,,,,,,,,,,,,,,,,,,,,,,,,,,,,,,,,,,,,,,,,,,,,,,,,,,,,,,,,,,,,,,,,,,,,,,,,,,,,,,,,,,,,,,,,,,,,,,
per_seed,couple_merge,20260727,splink,scenario_specific,20260719,True,16510.0,10460.0,44211.0,0.9978967495219885,0.9723793363499246,0.9861376673040153,0.9792101765711031,0.9449243505406807,293.0,278.0,0.9488054607508533,278.0,0.9999552716473126,0.999998735663126,0.058260888359215474,278.0,0.9792101765711031,0.9449243505406807,d3e6152e3e3aebde89acf7a4f3d179fa4d0ca53f4147988c0512e1fe267e90e1,phase2/runs/2026-07-24_e2_couple_merge_s20260727_seed20260727,a51a34dcafdee993d9995d3047587b4fc93eee870c43c218cf57f0f8b3c3836d,,,,,,,,,,,,,,,,,,,,,,,,,,,,,,,,,,,,,,,,,,,,,,,,,,,,,,,,,,,,,,,,,,,,,,,,,,,,,,,,,,,,,,,,,,,,,,,,
per_seed,couple_merge,20260728,splink,clean_frozen,20260719,True,16510.0,10460.0,45945.0,0.9989483747609943,0.9695431472081218,0.7669216061185469,0.8564108038859827,0.9986013472769922,252.0,249.0,0.9880952380952381,249.0,0.9986013472769922,0.9999995246025223,0.001158135937865692,249.0,0.9782928798746022,0.3880054100290566,902a4dd1d1b57ea9e4ea6c17ee8fb00d97a5512fc6f65fa04d1ef350591030c5,phase2/runs/2026-07-24_e2_couple_merge_s20260728_seed20260728,d6b1dc3b9c9b696c7d2a31db5daa59f22fc9c85e0356505448bbd03c4f21207c,,,,,,,,,,,,,,,,,,,,,,,,,,,,,,,,,,,,,,,,,,,,,,,,,,,,,,,,,,,,,,,,,,,,,,,,,,,,,,,,,,,,,,,,,,,,,,,,
per_seed,couple_merge,20260728,splink,scenario_specific,20260719,True,16510.0,10460.0,45945.0,0.9989483747609943,0.9726105024556101,0.9845124282982791,0.9785252755606233,0.9449243505406807,290.0,249.0,0.8586206896551725,249.0,0.9999552716473126,0.999998735663126,0.08779217131535041,249.0,0.9785252755606233,0.9449243505406807,f48da5808a783670f0a5a50ce63ced955d21089569db0f1da8d655a02c21352d,phase2/runs/2026-07-24_e2_couple_merge_s20260728_seed20260728,d6b1dc3b9c9b696c7d2a31db5daa59f22fc9c85e0356505448bbd03c4f21207c,,,,,,,,,,,,,,,,,,,,,,,,,,,,,,,,,,,,,,,,,,,,,,,,,,,,,,,,,,,,,,,,,,,,,,,,,,,,,,,,,,,,,,,,,,,,,,,,
per_seed,couple_merge,20260729,splink,clean_frozen,20260719,True,16510.0,10460.0,45036.0,0.9983747609942638,0.9680530440024111,0.7676864244741873,0.8563049853372433,0.9986013472769922,265.0,261.0,0.9849056603773585,261.0,0.9986013472769922,0.9999995246025223,0.001158135937865692,261.0,0.979682901357638,0.3880054100290566,0195517f250d21a98a9cc3eb043b3992d59a2a15706e715b223a1f530e69c280,phase2/runs/2026-07-24_e2_couple_merge_s20260729_seed20260729,bd075c91e6cb29a384c2fdb2c61a6f922f76989e40d448106670591768cd0b84,,,,,,,,,,,,,,,,,,,,,,,,,,,,,,,,,,,,,,,,,,,,,,,,,,,,,,,,,,,,,,,,,,,,,,,,,,,,,,,,,,,,,,,,,,,,,,,,
per_seed,couple_merge,20260729,splink,scenario_specific,20260719,True,16510.0,10460.0,45036.0,0.9983747609942638,0.9735774275738417,0.9863288718929254,0.9799116683288217,0.9449243505406807,280.0,261.0,0.9321428571428572,261.0,0.9999552716473126,0.999998735663126,0.08779217131535041,261.0,0.9800085474144072,0.9295598530214005,f5169690d3b03f12f7f1b53d36ebb51ef0caceb08596c40b95ab687c8a4807ab,phase2/runs/2026-07-24_e2_couple_merge_s20260729_seed20260729,bd075c91e6cb29a384c2fdb2c61a6f922f76989e40d448106670591768cd0b84,,,,,,,,,,,,,,,,,,,,,,,,,,,,,,,,,,,,,,,,,,,,,,,,,,,,,,,,,,,,,,,,,,,,,,,,,,,,,,,,,,,,,,,,,,,,,,,,
per_seed,family_birth,20260720,splink,clean_frozen,20260719,True,14900.0,8500.0,40811.0,0.9978823529411764,0.889683106981177,0.8785882352941177,0.8841008642121464,0.9986013472769922,926.0,918.0,0.9913606911447084,918.0,0.9999999999998234,0.9999995246025223,0.001158135937865692,918.0,0.9435353253281207,0.3880054100290566,9f1cf4a51db23ba30b7047f59046cbc7b288bdbcbf993d06eea70c75fcc8b1b0,phase2/runs/2026-07-24_e2_family_birth_s20260720_seed20260720,4ed631eb91918cd1a7249387aabce30d9d2d069a899306f14011027cc0c55faa,,,,,,,,,,,,,,,,,,,,,,,,,,,,,,,,,,,,,,,,,,,,,,,,,,,,,,,,,,,,,,,,,,,,,,,,,,,,,,,,,,,,,,,,,,,,,,,,
per_seed,family_birth,20260720,splink,scenario_specific,20260719,True,14900.0,8500.0,40811.0,0.9978823529411764,0.8987557162607679,0.9942352941176471,0.9440875830866337,0.924984109417991,952.0,918.0,0.9642857142857143,918.0,0.9999999999950908,0.9999927119086224,0.029245665512049438,918.0,0.9444848213786549,0.9401464517158408,8b8c7468a722b2a7435eb9dbe3008af7a2189ca590300e9d142916163e0d047c,phase2/runs/2026-07-24_e2_family_birth_s20260720_seed20260720,4ed631eb91918cd1a7249387aabce30d9d2d069a899306f14011027cc0c55faa,,,,,,,,,,,,,,,,,,,,,,,,,,,,,,,,,,,,,,,,,,,,,,,,,,,,,,,,,,,,,,,,,,,,,,,,,,,,,,,,,,,,,,,,,,,,,,,,
per_seed,family_birth,20260721,splink,clean_frozen,20260719,True,14900.0,8500.0,40099.0,0.9981176470588236,0.8861953666109387,0.8730588235294118,0.8795780490695746,0.9986013472769922,953.0,952.0,0.9989506820566632,952.0,0.9999999999998234,0.9999995246025223,0.001158135937865692,952.0,0.9424633071041911,0.3880054100290566,6ed420ab8002c8c15b523736dfc172db4827f2353f91fcbe3d1e0a5f3ad1bf6e,phase2/runs/2026-07-24_e2_family_birth_s20260721_seed20260721,4dd967a0820e9e0a76fc943b8e839d3bd8f4e01ad02ad2afe88faed9358edc23,,,,,,,,,,,,,,,,,,,,,,,,,,,,,,,,,,,,,,,,,,,,,,,,,,,,,,,,,,,,,,,,,,,,,,,,,,,,,,,,,,,,,,,,,,,,,,,,
per_seed,family_birth,20260721,splink,scenario_specific,20260719,True,14900.0,8500.0,40099.0,0.9981176470588236,0.8971228368191952,0.9941176470588236,0.9431329873318823,0.924984109417991,969.0,952.0,0.9824561403508771,952.0,0.9999999999950908,0.9999927119086224,0.029245665512049438,952.0,0.9431329873318823,0.924984109417991,3159a4165b89fda5a6cde5f97067c1fff2116cbcc820fe2475b76d6a57e4c1d6,phase2/runs/2026-07-24_e2_family_birth_s20260721_seed20260721,4dd967a0820e9e0a76fc943b8e839d3bd8f4e01ad02ad2afe88faed9358edc23,,,,,,,,,,,,,,,,,,,,,,,,,,,,,,,,,,,,,,,,,,,,,,,,,,,,,,,,,,,,,,,,,,,,,,,,,,,,,,,,,,,,,,,,,,,,,,,,
per_seed,family_birth,20260722,splink,clean_frozen,20260719,True,14900.0,8500.0,40559.0,0.9982352941176471,0.8916315472606864,0.8711764705882353,0.8812853317465041,0.9986013472769922,900.0,893.0,0.9922222222222222,893.0,0.9999999999998234,0.9999995246025223,0.001158135937865692,893.0,0.9456722430481733,0.3880054100290566,d2999376f2dbf5592a6345dc4a2175e0e7cf1286d012915888870001e0171909,phase2/runs/2026-07-24_e2_family_birth_s20260722_seed20260722,fa37abaad92fb8915fc9ebf2866160623a4249c2666f01c49db80bee3c5e8386,,,,,,,,,,,,,,,,,,,,,,,,,,,,,,,,,,,,,,,,,,,,,,,,,,,,,,,,,,,,,,,,,,,,,,,,,,,,,,,,,,,,,,,,,,,,,,,,
per_seed,family_birth,20260722,splink,scenario_specific,20260719,True,14900.0,8500.0,40559.0,0.9982352941176471,0.9018228333866326,0.9952941176470588,0.9462558022481964,0.924984109417991,921.0,893.0,0.9695982627578719,893.0,0.9999999999950908,0.9999927119086224,0.029245665512049438,893.0,0.9462558022481964,0.924984109417991,5640ebccde9fb1e3a11bc73390283dde63d180533fa5a6f114b0b00e98d06dd9,phase2/runs/2026-07-24_e2_family_birth_s20260722_seed20260722,fa37abaad92fb8915fc9ebf2866160623a4249c2666f01c49db80bee3c5e8386,,,,,,,,,,,,,,,,,,,,,,,,,,,,,,,,,,,,,,,,,,,,,,,,,,,,,,,,,,,,,,,,,,,,,,,,,,,,,,,,,,,,,,,,,,,,,,,,
per_seed,family_birth,20260723,splink,clean_frozen,20260719,True,14900.0,8500.0,40773.0,0.9983529411764706,0.8877891724302409,0.8758823529411764,0.8817955702949188,0.9986013472769922,941.0,932.0,0.9904357066950054,932.0,0.9999999999998234,0.9999995246025223,0.001158135937865692,932.0,0.9422078284661343,0.3880054100290566,e55bc98d89dec17971bcd4c69a277fb83539abcd003fb5189338676920252aee,phase2/runs/2026-07-24_e2_family_birth_s20260723_seed20260723,4b857c24704b637a953005a249407643c02570d6914ed61a5edfd59fdec51dae,,,,,,,,,,,,,,,,,,,,,,,,,,,,,,,,,,,,,,,,,,,,,,,,,,,,,,,,,,,,,,,,,,,,,,,,,,,,,,,,,,,,,,,,,,,,,,,,
per_seed,family_birth,20260723,splink,scenario_specific,20260719,True,14900.0,8500.0,40773.0,0.9983529411764706,0.8976946775735685,0.9941176470588236,0.9434488918662425,0.924984109417991,963.0,932.0,0.9678089304257529,932.0,0.9999999999950908,0.9999927119086224,0.03686860136332716,932.0,0.9434488918662425,0.924984109417991,7f53f440f8209d1ec43a79670684fba2d4122f7574395b8f51f94f51cdb3df4c,phase2/runs/2026-07-24_e2_family_birth_s20260723_seed20260723,4b857c24704b637a953005a249407643c02570d6914ed61a5edfd59fdec51dae,,,,,,,,,,,,,,,,,,,,,,,,,,,,,,,,,,,,,,,,,,,,,,,,,,,,,,,,,,,,,,,,,,,,,,,,,,,,,,,,,,,,,,,,,,,,,,,,
per_seed,family_birth,20260724,splink,clean_frozen,20260719,True,14900.0,8500.0,40425.0,0.9981176470588236,0.8931572629051621,0.8752941176470588,0.8841354723707664,0.9986013472769922,890.0,889.0,0.998876404494382,889.0,0.9999999999998234,0.9999995246025223,0.001158135937865692,889.0,0.9463027184248798,0.3880054100290566,a074f87866095108666f5091bbf30edc3b1b4ed9a19e30698ab4871b5f577d92,phase2/runs/2026-07-24_e2_family_birth_s20260724_seed20260724,751918d9d2ac76f4ee0d883c39ea2d07f3a15648620ceffafc88d24953cac189,,,,,,,,,,,,,,,,,,,,,,,,,,,,,,,,,,,,,,,,,,,,,,,,,,,,,,,,,,,,,,,,,,,,,,,,,,,,,,,,,,,,,,,,,,,,,,,,
per_seed,family_birth,20260724,splink,scenario_specific,20260719,True,14900.0,8500.0,40425.0,0.9981176470588236,0.9020464719675976,0.9956470588235294,0.9465384185214183,0.924984109417991,919.0,889.0,0.9673558215451578,889.0,0.9999999999950908,0.9999927119086224,0.03686860136332716,889.0,0.9465674481060818,0.9401464517158408,2afa7f5be6d82cfe9e9f0d3fb9d2acfd386f513c54fa178eb6b5e60b76302f19,phase2/runs/2026-07-24_e2_family_birth_s20260724_seed20260724,751918d9d2ac76f4ee0d883c39ea2d07f3a15648620ceffafc88d24953cac189,,,,,,,,,,,,,,,,,,,,,,,,,,,,,,,,,,,,,,,,,,,,,,,,,,,,,,,,,,,,,,,,,,,,,,,,,,,,,,,,,,,,,,,,,,,,,,,,
per_seed,family_birth,20260725,splink,clean_frozen,20260719,True,14900.0,8500.0,39488.0,0.9981176470588236,0.8847296494355318,0.8758823529411764,0.8802837718001774,0.9986013472769922,970.0,965.0,0.9948453608247423,965.0,0.9999999999998234,0.9999995246025223,0.001158135937865692,965.0,0.9426645121747367,0.3880054100290566,2afa9fd1b73fcfe110447ac9ad48f989f97776725e561afe15605760d5b456ba,phase2/runs/2026-07-24_e2_family_birth_s20260725_seed20260725,cc4336d59261eed7944ac0d5fe32c4bf8b0e24398167592a45ba0093519cf902,,,,,,,,,,,,,,,,,,,,,,,,,,,,,,,,,,,,,,,,,,,,,,,,,,,,,,,,,,,,,,,,,,,,,,,,,,,,,,,,,,,,,,,,,,,,,,,,
per_seed,family_birth,20260725,splink,scenario_specific,20260719,True,14900.0,8500.0,39488.0,0.9981176470588236,0.8945254703022617,0.995764705882353,0.9424340273911591,0.924984109417991,998.0,965.0,0.966933867735471,965.0,0.9999999999950908,0.9999927119086224,0.029245665512049438,965.0,0.9427759514124923,0.9363606798331815,b7e90fe8891159716f7dee2ec5725d4a8373ead0bab590a55dd8e29f1a7f5ad3,phase2/runs/2026-07-24_e2_family_birth_s20260725_seed20260725,cc4336d59261eed7944ac0d5fe32c4bf8b0e24398167592a45ba0093519cf902,,,,,,,,,,,,,,,,,,,,,,,,,,,,,,,,,,,,,,,,,,,,,,,,,,,,,,,,,,,,,,,,,,,,,,,,,,,,,,,,,,,,,,,,,,,,,,,,
per_seed,family_birth,20260726,splink,clean_frozen,20260719,True,14900.0,8500.0,40004.0,0.9969411764705882,0.8922034704064654,0.8831764705882353,0.8876670214023885,0.9986013472769922,907.0,900.0,0.9922822491730982,900.0,0.9999999999998234,0.9999995246025223,0.1267123382008275,900.0,0.9450156459544031,0.3880054100290566,2fa2d282493bea473316678dafbd563243ccd1b84404a26a4fb1a5bace9fbb3d,phase2/runs/2026-07-24_e2_family_birth_s20260726_seed20260726,33b546627bed883fb4f5af881132d6d888c325f3783d207a903c857661306876,,,,,,,,,,,,,,,,,,,,,,,,,,,,,,,,,,,,,,,,,,,,,,,,,,,,,,,,,,,,,,,,,,,,,,,,,,,,,,,,,,,,,,,,,,,,,,,,
per_seed,family_birth,20260726,splink,scenario_specific,20260719,True,14900.0,8500.0,40004.0,0.9969411764705882,0.901565995525727,0.9956470588235294,0.9462738301559792,0.924984109417991,924.0,900.0,0.974025974025974,900.0,0.9999999999950908,0.9999927119086224,0.7747444126321394,900.0,0.9462738301559792,0.924984109417991,e1b843c3df6a294fb8a35b4559639a4955f977ea18cb35e3d3f10eb3872b33c8,phase2/runs/2026-07-24_e2_family_birth_s20260726_seed20260726,33b546627bed883fb4f5af881132d6d888c325f3783d207a903c857661306876,,,,,,,,,,,,,,,,,,,,,,,,,,,,,,,,,,,,,,,,,,,,,,,,,,,,,,,,,,,,,,,,,,,,,,,,,,,,,,,,,,,,,,,,,,,,,,,,
per_seed,family_birth,20260727,splink,clean_frozen,20260719,True,14900.0,8500.0,39574.0,0.9978823529411764,0.8954886323056779,0.8850588235294118,0.8902431808768713,0.9986013472769922,878.0,872.0,0.9931662870159453,872.0,0.9999999999998234,0.9999995246025223,0.001158135937865692,872.0,0.9457008508732647,0.3880054100290566,02109c6cf15cef4b043f78bc06429c01afcbe71de5134e3fbd699a1fbd4e0863,phase2/runs/2026-07-24_e2_family_birth_s20260727_seed20260727,ab15511df54ee0164d4e14c77a9dfcb6402741fa08a9917b8ece281f7d02a602,,,,,,,,,,,,,,,,,,,,,,,,,,,,,,,,,,,,,,,,,,,,,,,,,,,,,,,,,,,,,,,,,,,,,,,,,,,,,,,,,,,,,,,,,,,,,,,,
per_seed,family_birth,20260727,splink,scenario_specific,20260719,True,14900.0,8500.0,39574.0,0.9978823529411764,0.903622181857036,0.9949411764705882,0.9470855031076767,0.924984109417991,902.0,872.0,0.9667405764966741,872.0,0.9999999999950908,0.9999927119086224,0.029245665512049438,872.0,0.9470855031076767,0.924984109417991,8dc5c19271e8c1f167a8def10be3cc297a7de953cf7774aeb83675246cfca73f,phase2/runs/2026-07-24_e2_family_birth_s20260727_seed20260727,ab15511df54ee0164d4e14c77a9dfcb6402741fa08a9917b8ece281f7d02a602,,,,,,,,,,,,,,,,,,,,,,,,,,,,,,,,,,,,,,,,,,,,,,,,,,,,,,,,,,,,,,,,,,,,,,,,,,,,,,,,,,,,,,,,,,,,,,,,
per_seed,family_birth,20260728,splink,clean_frozen,20260719,True,14900.0,8500.0,40200.0,0.9962352941176471,0.8872063908429713,0.8754117647058823,0.8812696156807012,0.9986013472769922,946.0,939.0,0.992600422832981,939.0,0.9999999999998234,0.9999995246025223,0.001158135937865692,939.0,0.9424568845230786,0.3880054100290566,34786a97c59c4f17c9188d67c0c8f6acd75e8ec98f241177307abcc948f00c58,phase2/runs/2026-07-24_e2_family_birth_s20260728_seed20260728,8b46b0ce0a72bc5bf81c4f593f8784de9b3fbb7b7036c782bfb3463db98b7f4a,,,,,,,,,,,,,,,,,,,,,,,,,,,,,,,,,,,,,,,,,,,,,,,,,,,,,,,,,,,,,,,,,,,,,,,,,,,,,,,,,,,,,,,,,,,,,,,,
per_seed,family_birth,20260728,splink,scenario_specific,20260719,True,14900.0,8500.0,40200.0,0.9962352941176471,0.8970057337014228,0.9938823529411764,0.9429623841946645,0.924984109417991,970.0,939.0,0.9680412371134021,939.0,0.9999999999950908,0.9999927119086224,0.029245665512049438,939.0,0.9429623841946645,0.924984109417991,d9ede4f4caacd726e73dce3bf07d86d4984cfd7dd4b5e9572768d279cd527dd5,phase2/runs/2026-07-24_e2_family_birth_s20260728_seed20260728,8b46b0ce0a72bc5bf81c4f593f8784de9b3fbb7b7036c782bfb3463db98b7f4a,,,,,,,,,,,,,,,,,,,,,,,,,,,,,,,,,,,,,,,,,,,,,,,,,,,,,,,,,,,,,,,,,,,,,,,,,,,,,,,,,,,,,,,,,,,,,,,,
per_seed,family_birth,20260729,splink,clean_frozen,20260719,True,14900.0,8500.0,39398.0,0.9985882352941177,0.8932778108268887,0.8832941176470588,0.8882579118603963,0.9986013472769922,897.0,890.0,0.992196209587514,890.0,0.9999999999998234,0.9999995246025223,0.1267123382008275,890.0,0.9451533467651667,0.3880054100290566,4b90bac21cb93622a912f88d13a23052c192bec94ee40924736aa3a17541ab9a,phase2/runs/2026-07-24_e2_family_birth_s20260729_seed20260729,af7ef76d7017c536b61656d7a6e0874c58ceef84ff58fc0adab39697620140fa,,,,,,,,,,,,,,,,,,,,,,,,,,,,,,,,,,,,,,,,,,,,,,,,,,,,,,,,,,,,,,,,,,,,,,,,,,,,,,,,,,,,,,,,,,,,,,,,
per_seed,family_birth,20260729,splink,scenario_specific,20260719,True,14900.0,8500.0,39398.0,0.9985882352941177,0.9026473099914603,0.9948235294117647,0.9464965301096933,0.924984109417991,912.0,890.0,0.9758771929824561,890.0,0.9999999999950908,0.9999927119086224,0.7747444126321394,890.0,0.9464965301096933,0.924984109417991,25be6644c0cd04e56f3475ec50a75faf969f44c149b1a4c158b38a6df156d95a,phase2/runs/2026-07-24_e2_family_birth_s20260729_seed20260729,af7ef76d7017c536b61656d7a6e0874c58ceef84ff58fc0adab39697620140fa,,,,,,,,,,,,,,,,,,,,,,,,,,,,,,,,,,,,,,,,,,,,,,,,,,,,,,,,,,,,,,,,,,,,,,,,,,,,,,,,,,,,,,,,,,,,,,,,
arm_summary,adoption_blended_family,,splink,clean_frozen,20260719,,,,,,,,,,,,,,,,,,,,,,,10.0,0.7365777071647657,0.0010812667041837439,0.7358042155607126,0.7373511987688187,0.7416667896501518,0.0008330127988063754,0.7410708881917489,0.7422626911085546,0.739113300802086,0.0008831524900060072,0.7384815315693194,0.7397450700348527,0.9986013472769922,0.0,0.9986013472769922,0.9986013472769922,1.0,0.0,1.0,1.0,2165.0,11.935009193312105,2156.46220875053,2173.53779124947,2163.5,11.664285471281794,2155.155872834699,2171.844127165301,0.9993081698913826,0.0009538635474702371,0.9986258170153293,0.9999905227674359,0.9999999999998235,1.1702778228589004e-16,0.9999999999998234,0.9999999999998236,0.9999995246025224,1.1702778228589004e-16,0.9999995246025223,0.9999995246025225,0.026272095624958393,0.052936656773387256,-0.011596507377818616,0.0641406986277354,0.881572604642628,0.0005158963368060032,0.8812035546353197,0.8819416546499362,,,,,,,,,,,,,,,,,,,,,,,,,,,,,,,,,,,,,,,,,,,,,,,
arm_summary,adoption_blended_family,,splink,scenario_specific,20260719,,,,,,,,,,,,,,,,,,,,,,,10.0,0.7895195834519046,0.0009698873872720851,0.7888257678113886,0.7902133990924207,0.9986523434026967,0.000321540104452896,0.9984223274684241,0.9988823593369693,0.8818561750633828,0.0005502118754400635,0.8814625771985299,0.8822497729282356,8.29844182591372e-12,0.0,8.29844182591372e-12,8.29844182591372e-12,1.0,0.0,1.0,1.0,2173.1,14.066903631495375,2163.037143341337,2183.162856658663,2147.3,12.1568453510312,2138.603516723108,2155.9964832768924,0.9881398166506937,0.004160068763879566,0.9851638827310661,0.9911157505703213,0.9999999999995545,1.1702778228589004e-16,0.9999999999995544,0.9999999999995546,0.999999484843649,0.0,0.999999484843649,0.999999484843649,8.367325290592727e-13,1.72572177669498e-12,-3.977744617139493e-13,2.0712395198324946e-12,0.8818561750633828,0.0005502118754400635,0.8814625771985299,0.8822497729282356,,,,,,,,,,,,,,,,,,,,,,,,,,,,,,,,,,,,,,,,,,,,,,,
arm_summary,couple_merge,,splink,clean_frozen,20260719,,,,,,,,,,,,,,,,,,,,,,,10.0,0.9687353660621942,0.0022231774925676297,0.9671450006896481,0.9703257314347403,0.7717782026768643,0.005185840694603682,0.7680684757226242,0.7754879296311044,0.8591022072628004,0.003161279781514386,0.8568407639393327,0.8613636505862681,0.9986013472769922,0.0,0.9986013472769922,0.9986013472769922,0.9981070745697898,0.0003514097833547645,0.9978556911544351,0.9983584579851444,260.6,19.585709075752145,246.58922775398221,274.6107722460178,257.2,21.185949222171857,242.04448491400106,272.35551508599895,0.9864786482875523,0.011517000920341946,0.9782398821429116,0.994717414432193,0.9986013472769922,0.0,0.9986013472769922,0.9986013472769922,0.9999995246025224,1.1702778228589004e-16,0.9999995246025223,0.9999995246025225,0.0011215404470752382,0.00011572510298954962,0.001038755695455452,0.0012043251986950244,0.9790080409017776,0.001079702230982272,0.9782356684544334,0.9797804133491218,,,,,,,,,,,,,,,,,,,,,,,,,,,,,,,,,,,,,,,,,,,,,,,
arm_summary,couple_merge,,splink,scenario_specific,20260719,,,,,,,,,,,,,,,,,,,,,,,10.0,0.9731693986322918,0.00187523147832972,0.9718279388439419,0.9745108584206417,0.9857074569789676,0.0007950908189849862,0.9851386832707187,0.9862762306872164,0.9793973064650936,0.0010087088020813615,0.9786757196573934,0.9801188932727938,0.9449243505406807,0.0,0.9449243505406807,0.9449243505406807,0.9981070745697898,0.0003514097833547645,0.9978556911544351,0.9983584579851444,284.3,20.407242723002916,269.7015379859196,298.89846201408045,257.2,21.185949222171857,242.04448491400106,272.35551508599895,0.9044511850823908,0.029651710754572992,0.8832396290197382,0.9256627411450433,0.9999552716473126,0.0,0.9999552716473126,0.9999552716473126,0.999998735663126,0.0,0.999998735663126,0.999998735663126,0.06121401665482897,0.02936676199381846,0.040206300656035025,0.08222173265362293,0.9794312285186912,0.0010171874078196811,0.978703576481823,0.9801588805555594,,,,,,,,,,,,,,,,,,,,,,,,,,,,,,,,,,,,,,,,,,,,,,,
arm_summary,family_birth,,splink,clean_frozen,20260719,,,,,,,,,,,,,,,,,,,,,,,10.0,0.890136241000574,0.003546724808391405,0.887599066915251,0.8926734150858969,0.8776823529411765,0.004689858339207071,0.8743274303901177,0.8810372754922352,0.8838616789314445,0.0037034413524117712,0.8812123965840739,0.8865109612788151,0.9986013472769922,0.0,0.9986013472769922,0.9986013472769922,0.9978470588235293,0.000714651414046463,0.9973358279991168,0.9983582896479418,920.8,30.727475942188573,898.8188878811648,942.7811121188352,915.0,30.91565586847185,892.8842720713297,937.1157279286703,0.9936936236047261,0.0029768252431393726,0.991564131109126,0.9958231161003263,0.9999999999998235,1.1702778228589004e-16,0.9999999999998234,0.9999999999998236,0.9999995246025224,1.1702778228589004e-16,0.9999995246025223,0.9999995246025225,0.026268976390458054,0.05293829986085684,-0.011600802006287464,0.06413875478720357,0.944117266266215,0.001604507327052326,0.9429694708690992,0.9452650616633307,,,,,,,,,,,,,,,,,,,,,,,,,,,,,,,,,,,,,,,,,,,,,,,
arm_summary,family_birth,,splink,scenario_specific,20260719,,,,,,,,,,,,,,,,,,,,,,,10.0,0.899680922738567,0.0030395611383807514,0.8975065516870526,0.9018552937900814,0.9948470588235294,0.000722676047045619,0.994330087522483,0.9953640301245759,0.9448715958013546,0.0018089510240818902,0.943577550193683,0.9461656414090263,0.924984109417991,0.0,0.924984109417991,0.924984109417991,0.9978470588235293,0.000714651414046463,0.9973358279991168,0.9983582896479418,943.0,31.577066220773442,920.4111276081186,965.5888723918814,915.0,30.91565586847185,892.8842720713297,937.1157279286703,0.9703123717719351,0.00551158593542889,0.9663696207100778,0.9742551228337923,0.9999999999950907,1.1702778228589004e-16,0.9999999999950906,0.9999999999950908,0.9999927119086223,1.1702778228589004e-16,0.9999927119086222,0.9999927119086224,0.17987000210632298,0.31354178783565023,-0.04442428113784033,0.4041642853504863,0.9449484149911564,0.0017471959635449623,0.9436985462925196,0.9461982836897933,,,,,,,,,,,,,,,,,,,,,,,,,,,,,,,,,,,,,,,,,,,,,,,
paired_delta_summary,couple_merge,,splink,scenario_specific_minus_clean_frozen,20260719,,,,,,,,,,,,,,,,,,,,,,,10.0,,,,,,,,,,,,,,,,,,,,,,,,,,,,,,,,,,,,,,,,,,,,,,,,,0.004434032570097568,0.0009063100022432085,0.003785697451026581,0.0050823676891685555,0.21392925430210327,0.005031028798092398,0.21033027310716165,0.2175282354970449,0.12029509920229331,0.003014187452122926,0.11813887939247378,0.12245131901211284,126.20532427975792,6.254147438464603e-16,0.0,0.001953125,10.0,10.0,0.001953125,23.7,8.944893018427392,17.301209005941075,30.098790994058923,0.0,0.0,0.0,0.0,-0.08202746320516144,0.029381724541573204,-0.10304588276582292,-0.06100904364449995,0.0013539243703203363,0.0,0.0013539243703203363,0.0013539243703203363,-7.889393962567937e-07,0.0,-7.889393962567937e-07,-7.889393962567937e-07,0.06009247620775373,0.029321977463354923,0.03911679713210832,0.08106815528339914,0.0004231876169136561,0.0002069389318746498,0.00027515242287927475,0.0005712228109480375
paired_delta_summary,family_birth,,splink,scenario_specific_minus_clean_frozen,20260719,,,,,,,,,,,,,,,,,,,,,,,10.0,,,,,,,,,,,,,,,,,,,,,,,,,,,,,,,,,,,,,,,,,,,,,,,,,0.009544681737992944,0.0007670997846453739,0.008995931609464707,0.010093431866521181,0.11716470588235295,0.00463125466802215,0.11385170587219257,0.12047770589251333,0.0610099168699101,0.0025419826424010607,0.05919149203176601,0.06282834170805418,75.8975667057317,6.054056596948214e-14,0.0,0.001953125,10.0,10.0,0.001953125,22.2,4.9396356140913875,18.66639755039377,25.733602449606227,0.0,0.0,0.0,0.0,-0.02338125183279106,0.00511839506410743,-0.027042731089476944,-0.019719772576105177,-4.732547687069655e-12,0.0,-4.732547687069655e-12,-4.732547687069655e-12,-6.812693899904687e-06,0.0,-6.812693899904687e-06,-6.812693899904687e-06,0.15360102571586493,0.26060662534451995,-0.03282572347065338,0.34002777490238323,0.0008311487249414773,0.0004672821237762254,0.0004968752306532562,0.0011654222192296984
paired_delta_summary,adoption_blended_family,,splink,scenario_specific_minus_clean_frozen,20260719,,,,,,,,,,,,,,,,,,,,,,,10.0,,,,,,,,,,,,,,,,,,,,,,,,,,,,,,,,,,,,,,,,,,,,,,,,,0.05294187628713909,0.0011177426327102112,0.05214229137571225,0.053741461198565925,0.25698555375254484,0.0008637562365407177,0.25636765976364495,0.2576034477414447,0.14274287426129678,0.0008411150565436497,0.1421411767968675,0.14334457172572607,536.6597576788209,1.3788722781746453e-21,0.0,0.001953125,10.0,10.0,0.001953125,8.1,12.922418074373267,-1.1441410115714632,17.344141011571462,-16.2,5.769652406245014,-20.327360693959612,-12.072639306040385,-0.011168353240688721,0.004007450071782029,-0.014035110324941464,-0.008301596156435978,-2.687849942617504e-13,0.0,-2.687849942617504e-13,-2.687849942617504e-13,-3.975887330476269e-08,0.0,-3.975887330476269e-08,-3.975887330476269e-08,-0.02627209562412166,0.05293665677166153,-0.06414069862566416,0.011596507377420844,0.0002835704207548639,0.0005224305706470094,-9.015389585690362e-05,0.0006572947373666314
