dimension,original_source_value,target_per_seed_json,source,source_year_version,original_units_and_denominator,eligibility_population,annual_entity_level_probability,monthly_step_probability_constant_hazard,conversion_to_annual_entity_probability,simulation_parameter,achieved_per_seed_json,achieved_mean,achieved_sd,relative_deviation_pct,estimability,result_by_construction_or_emergent,event_locking_competing_risk_effects,source_file,source_file_sha256,jensen_shannon_definition,target_uncertainty_note,source_result_file
mobility_overall_pct,11.762824,"{""20260720"":11.762824,""20260721"":11.762824,""20260722"":11.762824,""20260723"":11.762824,""20260724"":11.762824,""20260725"":11.762824,""20260726"":11.762824,""20260727"":11.762824,""20260728"":11.762824,""20260729"":11.762824}",ACS 2024 B07001,"ACS 1-year 2024, table B07001",percent of residents age 1+ in the stated age group,resident population age 1+; cohort-specific where named,0.11762824,0.010374296483169787,published percentage / 100,move_rate_pct plus age-specific mobility_by_age hazards,"{""20260720"":11.9073980875692,""20260721"":10.811354942621302,""20260722"":11.815533005124085,""20260723"":11.580641915685682,""20260724"":11.224181360201513,""20260725"":11.155859846959324,""20260726"":11.837598226878905,""20260727"":11.193879605395612,""20260728"":11.263348780979246,""20260729"":10.908357697348524}",11.369815346876338,0.3922901439179352,-3.3411079951860354,comparable,emergent,"Monthly constant-hazard conversion is exact only absent other constraints. Household-level movement, earlier events in the fixed event order, and the per-step person lock can lower or redistribute incidence.",phase2/Data/phase2_params/mobility_overall_acs_2024.csv,301dbb058ea0cff858ee596e13b5b6700e196465c25a17ddf27c1dc4d4e4dccb,,ACS sampling margins of error are not present in the checked-in parameter CSV and are therefore not propagated.,paper_experiments/results/E7_E11/E7/e7_per_seed.csv
mobility_age_0_17_pct,10.510834,"{""20260720"":10.510834,""20260721"":10.510834,""20260722"":10.510834,""20260723"":10.510834,""20260724"":10.510834,""20260725"":10.510834,""20260726"":10.510834,""20260727"":10.510834,""20260728"":10.510834,""20260729"":10.510834}",ACS 2024 B07001,"ACS 1-year 2024, table B07001",percent of residents age 1+ in the stated age group,resident population age 1+; cohort-specific where named,0.10510834,0.009211694831398276,published percentage / 100,mobility_by_age step hazard,"{""20260720"":11.867612293144209,""20260721"":10.21759697256386,""20260722"":11.298640412564463,""20260723"":11.514865502595564,""20260724"":11.258907363420429,""20260725"":11.31628787878788,""20260726"":11.633428300094966,""20260727"":10.737937559129612,""20260728"":10.778727445394113,""20260729"":10.719390185802762}",11.134339391349783,0.5058974468184412,5.932025863502232,comparable,emergent,"Monthly constant-hazard conversion is exact only absent other constraints. Household-level movement, earlier events in the fixed event order, and the per-step person lock can lower or redistribute incidence.",phase2/Data/phase2_params/mobility_by_age_cohort_acs_2024.csv,7a832656ca898ee8c7a68388da682bd3a2197fc39b5c058c3e7f9a568f368ae7,,ACS sampling margins of error are not present in the checked-in parameter CSV and are therefore not propagated.,paper_experiments/results/E7_E11/E7/e7_per_seed.csv
mobility_age_18_34_pct,22.582798020647232,"{""20260720"":22.582798020647232,""20260721"":22.582798020647232,""20260722"":22.582798020647232,""20260723"":22.582798020647232,""20260724"":22.582798020647232,""20260725"":22.582798020647232,""20260726"":22.582798020647232,""20260727"":22.582798020647232,""20260728"":22.582798020647232,""20260729"":22.582798020647232}",ACS 2024 B07001,"ACS 1-year 2024, table B07001",percent of residents age 1+ in the stated age group,resident population age 1+; cohort-specific where named,0.22582798020647232,0.021104220821179687,published percentage / 100,mobility_by_age step hazard,"{""20260720"":23.080357142857142,""20260721"":21.33928571428571,""20260722"":22.544642857142858,""20260723"":21.294642857142858,""20260724"":20.714285714285715,""20260725"":21.651785714285715,""20260726"":23.035714285714285,""20260727"":20.625,""20260728"":21.5625,""20260729"":20.9375}",21.67857142857143,0.9081527156130096,-4.004050300804514,comparable,emergent,"Monthly constant-hazard conversion is exact only absent other constraints. Household-level movement, earlier events in the fixed event order, and the per-step person lock can lower or redistribute incidence.",phase2/Data/phase2_params/mobility_by_age_cohort_acs_2024.csv,7a832656ca898ee8c7a68388da682bd3a2197fc39b5c058c3e7f9a568f368ae7,,ACS sampling margins of error are not present in the checked-in parameter CSV and are therefore not propagated.,paper_experiments/results/E7_E11/E7/e7_per_seed.csv
mobility_age_35_64_pct,8.891885,"{""20260720"":8.891885,""20260721"":8.891885,""20260722"":8.891885,""20260723"":8.891885,""20260724"":8.891885,""20260725"":8.891885,""20260726"":8.891885,""20260727"":8.891885,""20260728"":8.891885,""20260729"":8.891885}",ACS 2024 B07001,"ACS 1-year 2024, table B07001",percent of residents age 1+ in the stated age group,resident population age 1+; cohort-specific where named,0.08891885000000001,0.007730242445887603,published percentage / 100,mobility_by_age step hazard,"{""20260720"":8.923884514435695,""20260721"":8.451443569553806,""20260722"":8.713910761154855,""20260723"":8.871391076115485,""20260724"":8.68766404199475,""20260725"":8.057742782152232,""20260726"":8.32020997375328,""20260727"":8.976377952755906,""20260728"":8.162729658792651,""20260729"":7.664041994750656}",8.482939632545932,0.4301758178931019,-4.599085204701457,comparable,emergent,"Monthly constant-hazard conversion is exact only absent other constraints. Household-level movement, earlier events in the fixed event order, and the per-step person lock can lower or redistribute incidence.",phase2/Data/phase2_params/mobility_by_age_cohort_acs_2024.csv,7a832656ca898ee8c7a68388da682bd3a2197fc39b5c058c3e7f9a568f368ae7,,ACS sampling margins of error are not present in the checked-in parameter CSV and are therefore not propagated.,paper_experiments/results/E7_E11/E7/e7_per_seed.csv
mobility_age_65_plus_pct,5.518441,"{""20260720"":5.518441,""20260721"":5.518441,""20260722"":5.518441,""20260723"":5.518441,""20260724"":5.518441,""20260725"":5.518441,""20260726"":5.518441,""20260727"":5.518441,""20260728"":5.518441,""20260729"":5.518441}",ACS 2024 B07001,"ACS 1-year 2024, table B07001",percent of residents age 1+ in the stated age group,resident population age 1+; cohort-specific where named,0.05518441,0.004719288447330827,published percentage / 100,mobility_by_age step hazard,"{""20260720"":4.23728813559322,""20260721"":3.2768361581920904,""20260722"":5.536723163841808,""20260723"":5.19774011299435,""20260724"":4.632768361581921,""20260725"":4.350282485875706,""20260726"":5.480225988700565,""20260727"":4.576271186440678,""20260728"":5.480225988700565,""20260729"":5.423728813559322}",4.819209039548023,0.7400195452856998,-12.67082425003688,comparable,emergent,"Monthly constant-hazard conversion is exact only absent other constraints. Household-level movement, earlier events in the fixed event order, and the per-step person lock can lower or redistribute incidence.",phase2/Data/phase2_params/mobility_by_age_cohort_acs_2024.csv,7a832656ca898ee8c7a68388da682bd3a2197fc39b5c058c3e7f9a568f368ae7,,ACS sampling margins of error are not present in the checked-in parameter CSV and are therefore not propagated.,paper_experiments/results/E7_E11/E7/e7_per_seed.csv
household_married_couple_family_pct,46.69385,"{""20260720"":46.69385,""20260721"":46.69385,""20260722"":46.69385,""20260723"":46.69385,""20260724"":46.69385,""20260725"":46.69385,""20260726"":46.69385,""20260727"":46.69385,""20260728"":46.69385,""20260729"":46.69385}",ACS 2024 B11001,"ACS 1-year 2024, table B11001",share of all households,baseline households,,,not an event-rate conversion,initialize_households_from_public_targets,"{""20260720"":46.6955153422502,""20260721"":46.6955153422502,""20260722"":46.6955153422502,""20260723"":46.6955153422502,""20260724"":46.6955153422502,""20260725"":46.6955153422502,""20260726"":46.6955153422502,""20260727"":46.6955153422502,""20260728"":46.6955153422502,""20260729"":46.6955153422502}",46.6955153422502,0.0,0.0035665130422933,comparable,by construction,"Household-type shares are baseline allocation constraints, not emergent validation outcomes. Event locking does not define the baseline.",phase2/Data/phase2_params/household_type_shares_acs_2024.csv,fee14910b7bee2e9e17563073f67add24220cb6437ddf3bb8bf200643dfd5668,,ACS sampling margins of error are not present in the checked-in parameter CSV and are therefore not propagated.,paper_experiments/results/E7_E11/E7/e7_per_seed.csv
household_single_parent_male_householder_pct,5.208111,"{""20260720"":5.208111,""20260721"":5.208111,""20260722"":5.208111,""20260723"":5.208111,""20260724"":5.208111,""20260725"":5.208111,""20260726"":5.208111,""20260727"":5.208111,""20260728"":5.208111,""20260729"":5.208111}",ACS 2024 B11001,"ACS 1-year 2024, table B11001",share of all households,baseline households,,,not an event-rate conversion,initialize_households_from_public_targets,"{""20260720"":5.212431156569631,""20260721"":5.212431156569631,""20260722"":5.212431156569631,""20260723"":5.212431156569631,""20260724"":5.212431156569631,""20260725"":5.212431156569631,""20260726"":5.212431156569631,""20260727"":5.212431156569631,""20260728"":5.212431156569631,""20260729"":5.212431156569631}",5.212431156569631,0.0,0.0829505471298695,comparable,by construction,"Household-type shares are baseline allocation constraints, not emergent validation outcomes. Event locking does not define the baseline.",phase2/Data/phase2_params/household_type_shares_acs_2024.csv,fee14910b7bee2e9e17563073f67add24220cb6437ddf3bb8bf200643dfd5668,,ACS sampling margins of error are not present in the checked-in parameter CSV and are therefore not propagated.,paper_experiments/results/E7_E11/E7/e7_per_seed.csv
household_single_parent_female_householder_pct,12.109163,"{""20260720"":12.109163,""20260721"":12.109163,""20260722"":12.109163,""20260723"":12.109163,""20260724"":12.109163,""20260725"":12.109163,""20260726"":12.109163,""20260727"":12.109163,""20260728"":12.109163,""20260729"":12.109163}",ACS 2024 B11001,"ACS 1-year 2024, table B11001",share of all households,baseline households,,,not an event-rate conversion,initialize_households_from_public_targets,"{""20260720"":12.116443745082613,""20260721"":12.116443745082613,""20260722"":12.116443745082613,""20260723"":12.116443745082613,""20260724"":12.116443745082613,""20260725"":12.116443745082613,""20260726"":12.116443745082613,""20260727"":12.116443745082613,""20260728"":12.116443745082613,""20260729"":12.116443745082613}",12.116443745082616,1.872444516574241e-15,0.0601259152479325,comparable,by construction,"Household-type shares are baseline allocation constraints, not emergent validation outcomes. Event locking does not define the baseline.",phase2/Data/phase2_params/household_type_shares_acs_2024.csv,fee14910b7bee2e9e17563073f67add24220cb6437ddf3bb8bf200643dfd5668,,ACS sampling margins of error are not present in the checked-in parameter CSV and are therefore not propagated.,paper_experiments/results/E7_E11/E7/e7_per_seed.csv
household_nonfamily_living_alone_pct,28.865592,"{""20260720"":28.865592,""20260721"":28.865592,""20260722"":28.865592,""20260723"":28.865592,""20260724"":28.865592,""20260725"":28.865592,""20260726"":28.865592,""20260727"":28.865592,""20260728"":28.865592,""20260729"":28.865592}",ACS 2024 B11001,"ACS 1-year 2024, table B11001",share of all households,baseline households,,,not an event-rate conversion,initialize_households_from_public_targets,"{""20260720"":28.87490165224233,""20260721"":28.87490165224233,""20260722"":28.87490165224233,""20260723"":28.87490165224233,""20260724"":28.87490165224233,""20260725"":28.87490165224233,""20260726"":28.87490165224233,""20260727"":28.87490165224233,""20260728"":28.87490165224233,""20260729"":28.87490165224233}",28.87490165224233,0.0,0.0322517280862609,comparable,by construction,"Household-type shares are baseline allocation constraints, not emergent validation outcomes. Event locking does not define the baseline.",phase2/Data/phase2_params/household_type_shares_acs_2024.csv,fee14910b7bee2e9e17563073f67add24220cb6437ddf3bb8bf200643dfd5668,,ACS sampling margins of error are not present in the checked-in parameter CSV and are therefore not propagated.,paper_experiments/results/E7_E11/E7/e7_per_seed.csv
household_nonfamily_not_alone_pct,7.123284,"{""20260720"":7.123284,""20260721"":7.123284,""20260722"":7.123284,""20260723"":7.123284,""20260724"":7.123284,""20260725"":7.123284,""20260726"":7.123284,""20260727"":7.123284,""20260728"":7.123284,""20260729"":7.123284}",ACS 2024 B11001,"ACS 1-year 2024, table B11001",share of all households,baseline households,,,not an event-rate conversion,initialize_households_from_public_targets,"{""20260720"":7.100708103855232,""20260721"":7.100708103855232,""20260722"":7.100708103855232,""20260723"":7.100708103855232,""20260724"":7.100708103855232,""20260725"":7.100708103855232,""20260726"":7.100708103855232,""20260727"":7.100708103855232,""20260728"":7.100708103855232,""20260729"":7.100708103855232}",7.100708103855231,9.362222582871205e-16,-0.3169310130660078,comparable,by construction,"Household-type shares are baseline allocation constraints, not emergent validation outcomes. Event locking does not define the baseline.",phase2/Data/phase2_params/household_type_shares_acs_2024.csv,fee14910b7bee2e9e17563073f67add24220cb6437ddf3bb8bf200643dfd5668,,ACS sampling margins of error are not present in the checked-in parameter CSV and are therefore not propagated.,paper_experiments/results/E7_E11/E7/e7_per_seed.csv
household_type_js_distance,0.0,"{""20260720"":0.0,""20260721"":0.0,""20260722"":0.0,""20260723"":0.0,""20260724"":0.0,""20260725"":0.0,""20260726"":0.0,""20260727"":0.0,""20260728"":0.0,""20260729"":0.0}",ACS 2024 B11001,"ACS 1-year 2024, table B11001",share of all households,baseline households,,,not an event-rate conversion,initialize_households_from_public_targets,"{""20260720"":0.0003861460238361,""20260721"":0.0003861460238361,""20260722"":0.0003861460238361,""20260723"":0.0003861460238361,""20260724"":0.0003861460238361,""20260725"":0.0003861460238361,""20260726"":0.0003861460238361,""20260727"":0.0003861460238361,""20260728"":0.0003861460238361,""20260729"":0.0003861460238361}",0.0003861460238361,0.0,,comparable,by construction,"Household-type shares are baseline allocation constraints, not emergent validation outcomes. Event locking does not define the baseline.",phase2/Data/phase2_params/household_type_shares_acs_2024.csv,fee14910b7bee2e9e17563073f67add24220cb6437ddf3bb8bf200643dfd5668,"For distributions P,Q over the sorted union of categories, M=(P+Q)/2 and JSD_2(P,Q)=0.5*KL_2(P||M)+0.5*KL_2(Q||M). The reported value is Jensen-Shannon distance sqrt(JSD_2), not divergence; logarithm base 2; range [0,1].",ACS sampling margins of error are not present in the checked-in parameter CSV and are therefore not propagated.,paper_experiments/results/E7_E11/E7/e7_per_seed.csv
household_size_js_distance,,"{""20260720"":null,""20260721"":null,""20260722"":null,""20260723"":null,""20260724"":null,""20260725"":null,""20260726"":null,""20260727"":null,""20260728"":null,""20260729"":null}",requested ACS B11001 file,"ACS 1-year 2024, table B11001",not available from B11001,baseline households,,,not an event-rate conversion,initialize_households_from_public_targets,"{""20260720"":null,""20260721"":null,""20260722"":null,""20260723"":null,""20260724"":null,""20260725"":null,""20260726"":null,""20260727"":null,""20260728"":null,""20260729"":null}",,0.0,,"not estimable: source has household types, not size bins",not estimable,"Household-type shares are baseline allocation constraints, not emergent validation outcomes. Event locking does not define the baseline.",phase2/Data/phase2_params/household_type_shares_acs_2024.csv,fee14910b7bee2e9e17563073f67add24220cb6437ddf3bb8bf200643dfd5668,"For distributions P,Q over the sorted union of categories, M=(P+Q)/2 and JSD_2(P,Q)=0.5*KL_2(P||M)+0.5*KL_2(Q||M). The reported value is Jensen-Shannon distance sqrt(JSD_2), not divergence; logarithm base 2; range [0,1].",ACS sampling margins of error are not present in the checked-in parameter CSV and are therefore not propagated.,paper_experiments/results/E7_E11/E7/e7_per_seed.csv
cohabitation_rate_per_1000,6.1,"{""20260720"":6.1,""20260721"":6.1,""20260722"":6.1,""20260723"":6.1,""20260724"":6.1,""20260725"":6.1,""20260726"":6.1,""20260727"":6.1,""20260728"":6.1,""20260729"":6.1}",CDC 2023 marriage rate (incompatible construct),"CDC/NCHS provisional marriage statistic, 2023","marriages per 1,000 total population",published: total population; simulation: unpartnered marriage-age people,0.0060999999999999995,0.0005097601121573092,"rate/1000 is recorded as a nominal annual probability, but the construct is incompatible: COHABIT is not marriage",cohabit_rate_pct,"{""20260720"":1.3085052843482636,""20260721"":1.4093013891685122,""20260722"":1.1051944137445997,""20260723"":0.7042962068618573,""20260724"":0.5037783375314862,""20260725"":0.4027386226339106,""20260726"":0.9067096514205116,""20260727"":0.8053150795248641,""20260728"":0.7052186177715092,""20260729"":0.8065329166246598}",0.8657590519630174,0.3257284807524684,-85.80722865634397,not comparable: COHABIT is not marriage,emergent and not comparable,"People are paired, propensity-weighted, and excluded when an earlier event locks them; achieved COHABIT incidence need not equal marriage rate.",phase2/Data/phase2_params/marriage_divorce_rates_cdc_2023.csv,40efcfb52a744fd8dee3ddf0fb5c7535d17fd393c8b31d73aedf0ea5bd343160,,,paper_experiments/results/E7_E11/E7/e7_per_seed.csv
divorce_rate_per_1000,2.4,"{""20260720"":2.4,""20260721"":2.4,""20260722"":2.4,""20260723"":2.4,""20260724"":2.4,""20260725"":2.4,""20260726"":2.4,""20260727"":2.4,""20260728"":2.4,""20260729"":2.4}",CDC 2023,"CDC/NCHS provisional reporting areas, 2023","divorces per 1,000 total population",published: total population in reporting areas; simulation: active couples,0.0024,0.00020022033792477245,rate/1000 -> nominal annual population event probability; simulator rescales the per-couple step hazard by people/active-couples,divorce_rate_pct,"{""20260720"":2.7176648213387016,""20260721"":2.01328769881216,""20260722"":2.7127499246458355,""20260723"":2.8171848274474294,""20260724"":2.3173803526448364,""20260725"":2.6178010471204187,""20260726"":2.014910336490026,""20260727"":2.113952083752768,""20260728"":2.014910336490026,""20260729"":1.713882447827402}",2.30537238765696,0.3853139115601444,-3.942817180959994,comparable,emergent,Only active unlocked couples are eligible. Death/name-change locks and active-couple availability alter achieved population incidence.,phase2/Data/phase2_params/marriage_divorce_rates_cdc_2023.csv,40efcfb52a744fd8dee3ddf0fb5c7535d17fd393c8b31d73aedf0ea5bd343160,,,paper_experiments/results/E7_E11/E7/e7_per_seed.csv
fertility_10-14_per_1000,0.2,"{""20260720"":0.2,""20260721"":0.2,""20260722"":0.2,""20260723"":0.2,""20260724"":0.2,""20260725"":0.2,""20260726"":0.2,""20260727"":0.2,""20260728"":0.2,""20260729"":0.2}",NCHS 2024 provisional,"NCHS provisional 2024, VSRR No. 38 Table 1","births per 1,000 women in the named age group",women in the configured fertility age bounds and age band,0.0002,1.6668194639635203e-05,"published births per 1,000 women / 1000, treated as annual at-least-one-birth probability before monthly constant-hazard conversion",fertility_by_age step hazard (birth_rate_pct fallback),"{""20260720"":0.0,""20260721"":0.0,""20260722"":0.0,""20260723"":0.0,""20260724"":0.0,""20260725"":0.0,""20260726"":0.0,""20260727"":0.0,""20260728"":0.0,""20260729"":0.0}",0.0,0.0,-100.0,not estimable: fewer than five expected events across ten seeds,emergent,An earlier event can lock a woman for the month; birth then locks parents and child. Eligibility and competing events make achieved incidence differ from the nominal hazard.,phase2/Data/phase2_params/fertility_by_age_nchs_2024.csv,d307e47c6b111c778693c07f13d96b4fb942c9013345fcb61e16f40b4358349f,,,paper_experiments/results/E7_E11/E7/e7_per_seed.csv
fertility_15-19_per_1000,12.7,"{""20260720"":12.7,""20260721"":12.7,""20260722"":12.7,""20260723"":12.7,""20260724"":12.7,""20260725"":12.7,""20260726"":12.7,""20260727"":12.7,""20260728"":12.7,""20260729"":12.7}",NCHS 2024 provisional,"NCHS provisional 2024, VSRR No. 38 Table 1","births per 1,000 women in the named age group",women in the configured fertility age bounds and age band,0.0127,0.0010645441674644873,"published births per 1,000 women / 1000, treated as annual at-least-one-birth probability before monthly constant-hazard conversion",fertility_by_age step hazard (birth_rate_pct fallback),"{""20260720"":12.861736334405144,""20260721"":6.410256410256411,""20260722"":16.181229773462782,""20260723"":9.404388714733544,""20260724"":18.867924528301888,""20260725"":9.23076923076923,""20260726"":18.75,""20260727"":3.236245954692557,""20260728"":12.307692307692308,""20260729"":13.422818791946307}",12.067306204626018,5.115167003217789,-4.981840908456547,comparable,emergent,An earlier event can lock a woman for the month; birth then locks parents and child. Eligibility and competing events make achieved incidence differ from the nominal hazard.,phase2/Data/phase2_params/fertility_by_age_nchs_2024.csv,d307e47c6b111c778693c07f13d96b4fb942c9013345fcb61e16f40b4358349f,,,paper_experiments/results/E7_E11/E7/e7_per_seed.csv
fertility_20-24_per_1000,56.7,"{""20260720"":56.7,""20260721"":56.7,""20260722"":56.7,""20260723"":56.7,""20260724"":56.7,""20260725"":56.7,""20260726"":56.7,""20260727"":56.7,""20260728"":56.7,""20260729"":56.7}",NCHS 2024 provisional,"NCHS provisional 2024, VSRR No. 38 Table 1","births per 1,000 women in the named age group",women in the configured fertility age bounds and age band,0.0567,0.00485243150701864,"published births per 1,000 women / 1000, treated as annual at-least-one-birth probability before monthly constant-hazard conversion",fertility_by_age step hazard (birth_rate_pct fallback),"{""20260720"":73.31378299120234,""20260721"":30.0,""20260722"":36.92307692307692,""20260723"":50.0,""20260724"":61.94690265486726,""20260725"":46.875,""20260726"":38.095238095238095,""20260727"":65.15580736543909,""20260728"":78.78787878787878,""20260729"":57.69230769230769}",53.878999451001015,16.247740187494646,-4.975309610227493,comparable,emergent,An earlier event can lock a woman for the month; birth then locks parents and child. Eligibility and competing events make achieved incidence differ from the nominal hazard.,phase2/Data/phase2_params/fertility_by_age_nchs_2024.csv,d307e47c6b111c778693c07f13d96b4fb942c9013345fcb61e16f40b4358349f,,,paper_experiments/results/E7_E11/E7/e7_per_seed.csv
fertility_25-29_per_1000,91.4,"{""20260720"":91.4,""20260721"":91.4,""20260722"":91.4,""20260723"":91.4,""20260724"":91.4,""20260725"":91.4,""20260726"":91.4,""20260727"":91.4,""20260728"":91.4,""20260729"":91.4}",NCHS 2024 provisional,"NCHS provisional 2024, VSRR No. 38 Table 1","births per 1,000 women in the named age group",women in the configured fertility age bounds and age band,0.09140000000000001,0.007955711608668259,"published births per 1,000 women / 1000, treated as annual at-least-one-birth probability before monthly constant-hazard conversion",fertility_by_age step hazard (birth_rate_pct fallback),"{""20260720"":84.375,""20260721"":67.25146198830409,""20260722"":90.3954802259887,""20260723"":122.25705329153604,""20260724"":96.27329192546584,""20260725"":114.28571428571428,""20260726"":124.6376811594203,""20260727"":75.40983606557377,""20260728"":87.09677419354838,""20260729"":65.71428571428571}",92.76965788498372,21.481560667668088,1.4985316028268156,comparable,emergent,An earlier event can lock a woman for the month; birth then locks parents and child. Eligibility and competing events make achieved incidence differ from the nominal hazard.,phase2/Data/phase2_params/fertility_by_age_nchs_2024.csv,d307e47c6b111c778693c07f13d96b4fb942c9013345fcb61e16f40b4358349f,,,paper_experiments/results/E7_E11/E7/e7_per_seed.csv
fertility_30-34_per_1000,95.4,"{""20260720"":95.4,""20260721"":95.4,""20260722"":95.4,""20260723"":95.4,""20260724"":95.4,""20260725"":95.4,""20260726"":95.4,""20260727"":95.4,""20260728"":95.4,""20260729"":95.4}",NCHS 2024 provisional,"NCHS provisional 2024, VSRR No. 38 Table 1","births per 1,000 women in the named age group",women in the configured fertility age bounds and age band,0.09540000000000001,0.008320394138621512,"published births per 1,000 women / 1000, treated as annual at-least-one-birth probability before monthly constant-hazard conversion",fertility_by_age step hazard (birth_rate_pct fallback),"{""20260720"":109.82658959537572,""20260721"":87.8186968838527,""20260722"":91.46341463414636,""20260723"":110.09174311926606,""20260724"":120.12012012012012,""20260725"":112.04481792717088,""20260726"":91.42857142857144,""20260727"":108.76132930513594,""20260728"":108.35913312693498,""20260729"":104.4776119402985}",104.43920280808724,10.60738018069646,9.475055354389138,comparable,emergent,An earlier event can lock a woman for the month; birth then locks parents and child. Eligibility and competing events make achieved incidence differ from the nominal hazard.,phase2/Data/phase2_params/fertility_by_age_nchs_2024.csv,d307e47c6b111c778693c07f13d96b4fb942c9013345fcb61e16f40b4358349f,,,paper_experiments/results/E7_E11/E7/e7_per_seed.csv
fertility_35-39_per_1000,55.0,"{""20260720"":55.0,""20260721"":55.0,""20260722"":55.0,""20260723"":55.0,""20260724"":55.0,""20260725"":55.0,""20260726"":55.0,""20260727"":55.0,""20260728"":55.0,""20260729"":55.0}",NCHS 2024 provisional,"NCHS provisional 2024, VSRR No. 38 Table 1","births per 1,000 women in the named age group",women in the configured fertility age bounds and age band,0.055,0.004703101576146285,"published births per 1,000 women / 1000, treated as annual at-least-one-birth probability before monthly constant-hazard conversion",fertility_by_age step hazard (birth_rate_pct fallback),"{""20260720"":59.375,""20260721"":45.45454545454545,""20260722"":74.4336569579288,""20260723"":55.214723926380366,""20260724"":71.20743034055728,""20260725"":81.2720848056537,""20260726"":76.4525993883792,""20260727"":78.125,""20260728"":65.28189910979229,""20260729"":46.97986577181208}",65.37968057550492,13.032074339221998,18.87214650091804,comparable,emergent,An earlier event can lock a woman for the month; birth then locks parents and child. Eligibility and competing events make achieved incidence differ from the nominal hazard.,phase2/Data/phase2_params/fertility_by_age_nchs_2024.csv,d307e47c6b111c778693c07f13d96b4fb942c9013345fcb61e16f40b4358349f,,,paper_experiments/results/E7_E11/E7/e7_per_seed.csv
fertility_40-44_per_1000,12.8,"{""20260720"":12.8,""20260721"":12.8,""20260722"":12.8,""20260723"":12.8,""20260724"":12.8,""20260725"":12.8,""20260726"":12.8,""20260727"":12.8,""20260728"":12.8,""20260729"":12.8}",NCHS 2024 provisional,"NCHS provisional 2024, VSRR No. 38 Table 1","births per 1,000 women in the named age group",women in the configured fertility age bounds and age band,0.0128,0.0010729761016310402,"published births per 1,000 women / 1000, treated as annual at-least-one-birth probability before monthly constant-hazard conversion",fertility_by_age step hazard (birth_rate_pct fallback),"{""20260720"":3.3003300330033003,""20260721"":6.349206349206349,""20260722"":14.792899408284024,""20260723"":9.036144578313252,""20260724"":14.619883040935672,""20260725"":11.976047904191615,""20260726"":9.146341463414634,""20260727"":9.118541033434653,""20260728"":9.23076923076923,""20260729"":9.06344410876133}",9.663360715031406,3.4833597164791805,-24.504994413817148,comparable,emergent,An earlier event can lock a woman for the month; birth then locks parents and child. Eligibility and competing events make achieved incidence differ from the nominal hazard.,phase2/Data/phase2_params/fertility_by_age_nchs_2024.csv,d307e47c6b111c778693c07f13d96b4fb942c9013345fcb61e16f40b4358349f,,,paper_experiments/results/E7_E11/E7/e7_per_seed.csv
fertility_45-54_per_1000,1.1,"{""20260720"":1.1,""20260721"":1.1,""20260722"":1.1,""20260723"":1.1,""20260724"":1.1,""20260725"":1.1,""20260726"":1.1,""20260727"":1.1,""20260728"":1.1,""20260729"":1.1}",NCHS 2024 provisional,"NCHS provisional 2024, VSRR No. 38 Table 1","births per 1,000 women in the named age group",women in the configured fertility age bounds and age band,0.0011,9.171291444953766e-05,"published births per 1,000 women / 1000, treated as annual at-least-one-birth probability before monthly constant-hazard conversion",fertility_by_age step hazard (birth_rate_pct fallback),"{""20260720"":0.0,""20260721"":2.967359050445104,""20260722"":3.289473684210526,""20260723"":0.0,""20260724"":3.4722222222222223,""20260725"":0.0,""20260726"":0.0,""20260727"":3.215434083601286,""20260728"":3.355704697986577,""20260729"":0.0}",1.6300193738465716,1.7227988464765442,48.183579440597406,not estimable: fewer than five expected events across ten seeds,emergent,An earlier event can lock a woman for the month; birth then locks parents and child. Eligibility and competing events make achieved incidence differ from the nominal hazard.,phase2/Data/phase2_params/fertility_by_age_nchs_2024.csv,d307e47c6b111c778693c07f13d96b4fb942c9013345fcb61e16f40b4358349f,,,paper_experiments/results/E7_E11/E7/e7_per_seed.csv
surname_top_10_share_pct,7.634050105744991,"{""20260720"":7.634050105744991,""20260721"":7.630672755600261,""20260722"":7.63615960562938,""20260723"":7.629453575710096,""20260724"":7.634140773283993,""20260725"":7.635880868138538,""20260726"":7.628978073252204,""20260727"":7.630731503506976,""20260728"":7.632201318762586,""20260729"":7.630973311558725}",Phase 1 conditional Census surname pool,checked-in Phase 1 conditional Census surname pool,population share,"generated Phase 1 people, conditional on ethnicity mix",,,not an event-rate conversion,Phase 1 surname sampling distribution,"{""20260720"":7.81095511172632,""20260721"":7.994445546518547,""20260722"":7.251681836169372,""20260723"":6.899278442225956,""20260724"":8.43290214278661,""20260725"":7.123801995850212,""20260726"":7.242367355004448,""20260727"":7.189477848101265,""20260728"":7.93635105752125,""20260729"":7.804298306427651}",7.568555964233164,0.491520115531406,-0.8579212947860916,comparable,by construction / sampler fidelity check,not applicable to the baseline surname distribution,phase1/prepared/last_names.parquet,b719813644fd72b1d27d9fb02178af58e6ac94924e6d110bd353c6e6d4271a22,,,paper_experiments/results/E7_E11/E7/e7_per_seed.csv
surname_top_50_share_pct,19.77523350922551,"{""20260720"":19.77523350922551,""20260721"":19.767473974158825,""20260722"":19.776183270271005,""20260723"":19.76705010006127,""20260724"":19.77470839396251,""20260725"":19.773432341181408,""20260726"":19.76276746961352,""20260727"":19.76698878975515,""20260728"":19.769718740622476,""20260729"":19.76596141884805}",Phase 1 conditional Census surname pool,checked-in Phase 1 conditional Census surname pool,population share,"generated Phase 1 people, conditional on ethnicity mix",,,not an event-rate conversion,Phase 1 surname sampling distribution,"{""20260720"":20.526003559422584,""20260721"":20.977980559412813,""20260722"":20.76573011476059,""20260723"":20.11465849560146,""20260724"":22.040090846252596,""20260725"":20.175871949412112,""20260726"":20.739057405394725,""20260727"":21.10363924050633,""20260728"":20.952757461949,""20260729"":20.798256907992474}",20.81940465407047,0.5395947990978519,5.280196283689062,comparable,by construction / sampler fidelity check,not applicable to the baseline surname distribution,phase1/prepared/last_names.parquet,b719813644fd72b1d27d9fb02178af58e6ac94924e6d110bd353c6e6d4271a22,,,paper_experiments/results/E7_E11/E7/e7_per_seed.csv
surname_top_100_share_pct,27.30069456864089,"{""20260720"":27.30069456864089,""20260721"":27.291948511971164,""20260722"":27.30047471702785,""20260723"":27.29218761471034,""20260724"":27.29931141964067,""20260725"":27.29633738844629,""20260726"":27.28680165888811,""20260727"":27.29129845911079,""20260728"":27.294044122060328,""20260729"":27.289697982418264}",Phase 1 conditional Census surname pool,checked-in Phase 1 conditional Census surname pool,population share,"generated Phase 1 people, conditional on ethnicity mix",,,not an event-rate conversion,Phase 1 surname sampling distribution,"{""20260720"":30.08700810757367,""20260721"":29.95437413211665,""20260722"":30.282944202611787,""20260723"":29.25768508451122,""20260724"":31.72706625851684,""20260725"":29.394328623653788,""20260726"":30.253927477521973,""20260727"":31.03243670886076,""20260728"":30.154180668116236,""20260729"":30.236703971476675}",30.23806552349596,0.7175413189022883,10.759326827637194,comparable,by construction / sampler fidelity check,not applicable to the baseline surname distribution,phase1/prepared/last_names.parquet,b719813644fd72b1d27d9fb02178af58e6ac94924e6d110bd353c6e6d4271a22,,,paper_experiments/results/E7_E11/E7/e7_per_seed.csv
surname_rank_slope_10_1000,-0.781669262596665,"{""20260720"":-0.781669262596665,""20260721"":-0.7814949865209577,""20260722"":-0.7816145144583411,""20260723"":-0.7815262303790208,""20260724"":-0.7816244063568507,""20260725"":-0.7815038558574577,""20260726"":-0.7813872276646311,""20260727"":-0.7814768993374822,""20260728"":-0.781522459792671,""20260729"":-0.7814274101141452}",Phase 1 conditional Census surname pool,checked-in Phase 1 conditional Census surname pool,distributional summary,"generated Phase 1 people, conditional on ethnicity mix",,,not an event-rate conversion,Phase 1 surname sampling distribution,"{""20260720"":-0.7843551647946028,""20260721"":-0.7423064338553118,""20260722"":-0.7884559277392054,""20260723"":-0.7700531437545727,""20260724"":-0.7913827231290329,""20260725"":-0.7546542408392113,""20260726"":-0.7659129399385981,""20260727"":-0.7996006298012923,""20260728"":-0.7621939431549731,""20260729"":-0.7660888001754714}",-0.7725003947182272,0.0179906001454528,-1.1729855985355415,comparable,by construction / sampler fidelity check,not applicable to the baseline surname distribution,phase1/prepared/last_names.parquet,b719813644fd72b1d27d9fb02178af58e6ac94924e6d110bd353c6e6d4271a22,,,paper_experiments/results/E7_E11/E7/e7_per_seed.csv
surname_js_distance,0.0,"{""20260720"":0.0,""20260721"":0.0,""20260722"":0.0,""20260723"":0.0,""20260724"":0.0,""20260725"":0.0,""20260726"":0.0,""20260727"":0.0,""20260728"":0.0,""20260729"":0.0}",Phase 1 conditional Census surname pool,checked-in Phase 1 conditional Census surname pool,distributional summary,"generated Phase 1 people, conditional on ethnicity mix",,,not an event-rate conversion,Phase 1 surname sampling distribution,"{""20260720"":0.0884702346265142,""20260721"":0.1071113178878245,""20260722"":0.075498773799794,""20260723"":0.0933660436021629,""20260724"":0.0892090627833966,""20260725"":0.0947764163138494,""20260726"":0.096296297344109,""20260727"":0.0956633805038344,""20260728"":0.079424315359739,""20260729"":0.0848243669963969}",0.0904640209217621,0.0091189015828398,,comparable,by construction / sampler fidelity check,not applicable to the baseline surname distribution,phase1/prepared/last_names.parquet,b719813644fd72b1d27d9fb02178af58e6ac94924e6d110bd353c6e6d4271a22,"For distributions P,Q over the sorted union of categories, M=(P+Q)/2 and JSD_2(P,Q)=0.5*KL_2(P||M)+0.5*KL_2(Q||M). The reported value is Jensen-Shannon distance sqrt(JSD_2), not divergence; logarithm base 2; range [0,1].",,paper_experiments/results/E7_E11/E7/e7_per_seed.csv
