condition,seed,run_id,records,true_pairs,candidate_pairs,candidate_recall,candidate_seconds,matcher,threshold,tp,fp,fn,predicted,precision,recall,f1,oracle_threshold,oracle_precision,oracle_recall,oracle_f1,closure_tp,closure_fp,closure_fn,closure_precision,closure_recall,closure_f1,b3_precision,b3_recall,b3_f1,predicted_clusters,truth_clusters
clean,20260720,2026-07-22_e1_clean_s20260720_seed20260720,19640,9510,66778,1.0,13.239350499992725,baseline,0.65,9489,14,21,9503,0.9985267810165211,0.9977917981072555,0.9981591542628728,0.65,0.9985267810165211,0.9977917981072555,0.9981591542628728,9489,14,21,0.9985267810165211,0.9977917981072555,0.9981591542628728,0.9992617107942974,0.9977936184657161,0.9985271250117363,10144,10109
clean,20260720,2026-07-22_e1_clean_s20260720_seed20260720,19640,9510,66778,1.0,13.239350499992725,learned,0.6500030591266042,9497,4,13,9501,0.9995789916850858,0.9986330178759201,0.9991057808637105,0.8136698834838333,0.9995789916850858,0.9986330178759201,0.9991057808637105,9497,4,13,0.9995789916850858,0.9986330178759201,0.9991057808637105,0.99979633401222,0.9982179226069247,0.9990065048449108,10142,10109
clean,20260720,2026-07-22_e1_clean_s20260720_seed20260720,19640,9510,66778,1.0,13.239350499992725,splink,0.9986013472769922,9489,128,21,9617,0.9866902360403452,0.9977917981072555,0.9922099649709836,0.9986013472769922,0.9866902360403452,0.9977917981072555,0.9922099649709836,9489,130,21,0.9864850816093149,0.9977917981072555,0.9921062261487793,0.9920332654446707,0.9980991174473861,0.9950569471965416,10040,10109
clean,20260721,2026-07-22_e1_clean_s20260721_seed20260721,19608,9524,66693,1.0,14.017828299998655,baseline,0.65,9514,15,10,9529,0.9984258579074404,0.99895002099958,0.9986878706765339,0.65,0.9984258579074404,0.99895002099958,0.9986878706765339,9514,16,10,0.998321091290661,0.99895002099958,0.9986354571218641,0.9992112063103495,0.9991330069359445,0.9991721050930948,10087,10078
clean,20260721,2026-07-22_e1_clean_s20260721_seed20260721,19608,9524,66693,1.0,14.017828299998655,learned,0.6500030591266042,9514,1,10,9515,0.9998949027850762,0.99895002099958,0.9994222385629498,0.5064596882584461,0.99989491382934,0.999055018899622,0.9994747899159664,9514,1,10,0.9998949027850762,0.99895002099958,0.9994222385629498,0.9999320005439956,0.9991330069359445,0.9995323440676274,10094,10078
clean,20260721,2026-07-22_e1_clean_s20260721_seed20260721,19608,9524,66693,1.0,14.017828299998655,splink,0.9986013472769922,9514,108,10,9622,0.9887757223030555,0.99895002099958,0.9938368327588007,0.9986013472769922,0.9887757223030555,0.99895002099958,0.9938368327588007,9514,109,10,0.9886729710069625,0.99895002099958,0.9937849271426333,0.9933632530939751,0.9991670066639468,0.996256677421254,10005,10078
clean,20260722,2026-07-22_e1_clean_s20260722_seed20260722,19651,9546,67370,1.0,12.947818000000552,baseline,0.65,9528,12,18,9540,0.9987421383647799,0.9981143934632307,0.9984281672430053,0.65,0.9987421383647799,0.9981143934632307,0.9984281672430053,9528,15,18,0.9984281672430053,0.9981143934632307,0.9982712556969983,0.9992197174019982,0.9987108374467795,0.9989652126176296,10120,10103
clean,20260722,2026-07-22_e1_clean_s20260722_seed20260722,19651,9546,67370,1.0,12.947818000000552,learned,0.6500030591266042,9536,5,10,9541,0.9994759459176187,0.9989524408129059,0.9992141247969822,0.8136698834838333,1.0,0.9989524408129059,0.9994759459176188,9536,5,10,0.9994759459176187,0.9989524408129059,0.9992141247969822,0.9997285973572169,0.9991349040761285,0.9994316625486432,10117,10103
clean,20260722,2026-07-22_e1_clean_s20260722_seed20260722,19651,9546,67370,1.0,12.947818000000552,splink,0.9986013472769922,9528,138,18,9666,0.9857231533209186,0.9981143934632307,0.9918800749531542,0.6866665383196928,0.9852257464614113,0.9989524408129059,0.9920416124837451,9528,141,18,0.9854173130623642,0.9981143934632307,0.9917252146760344,0.9914050175563583,0.9988126134378232,0.9950950299502519,10012,10103
clean,20260723,2026-07-22_e1_clean_s20260723_seed20260723,19646,9528,65724,1.0,13.000933000002988,baseline,0.65,9516,10,12,9526,0.9989502414444678,0.9987405541561712,0.9988453867954235,0.65,0.9989502414444678,0.9987405541561712,0.9988453867954235,9516,10,12,0.9989502414444678,0.9987405541561712,0.9988453867954235,0.999504564118226,0.9989310801180902,0.9992177398328218,10128,10112
clean,20260723,2026-07-22_e1_clean_s20260723_seed20260723,19646,9528,65724,1.0,13.000933000002988,learned,0.6500030591266042,9519,3,9,9522,0.9996849401386263,0.9990554156171285,0.9993700787401575,0.8136698834838333,0.9998949579831933,0.9990554156171285,0.99947501049979,9519,3,9,0.9996849401386263,0.9990554156171285,0.9993700787401575,0.9998303301774747,0.999083782958363,0.9994569171590401,10128,10112
clean,20260723,2026-07-22_e1_clean_s20260723_seed20260723,19646,9528,65724,1.0,13.000933000002988,splink,0.9986013472769922,9516,126,12,9642,0.9869321717485999,0.9987405541561712,0.9928012519561815,0.9986013472769922,0.9869321717485999,0.9987405541561712,0.9928012519561815,9516,126,12,0.9869321717485999,0.9987405541561712,0.9928012519561815,0.9921324103294988,0.9989310801180902,0.9955201378815084,10024,10112
clean,20260724,2026-07-22_e1_clean_s20260724_seed20260724,19642,9506,66797,1.0,12.94671269999526,baseline,0.65,9491,4,15,9495,0.9995787256450763,0.998422049232064,0.999000052628809,0.65,0.9995787256450763,0.998422049232064,0.999000052628809,9491,4,15,0.9995787256450763,0.998422049232064,0.999000052628809,0.9997793843125277,0.9984217493126972,0.9991001056045884,10149,10121
clean,20260724,2026-07-22_e1_clean_s20260724_seed20260724,19642,9506,66797,1.0,12.94671269999526,learned,0.6500030591266042,9501,0,5,9501,1.0,0.999474016410688,0.9997369390224654,0.8136698834838333,1.0,0.999474016410688,0.9997369390224654,9501,0,5,1.0,0.999474016410688,0.9997369390224654,1.0,0.9989308624376336,0.9994651453021929,10142,10121
clean,20260724,2026-07-22_e1_clean_s20260724_seed20260724,19642,9506,66797,1.0,12.94671269999526,splink,0.9986013472769922,9491,144,15,9635,0.9850544888427608,0.998422049232064,0.9916932239694897,0.5827268764206824,0.9840497151734853,0.999474016410688,0.9917018944731487,9491,145,15,0.9849522623495226,0.998422049232064,0.9916414167798558,0.9911872518073515,0.9985744832501782,0.9948671545330255,10030,10121
clean,20260725,2026-07-22_e1_clean_s20260725_seed20260725,19643,9516,65563,1.0,12.88439279999875,baseline,0.65,9503,17,13,9520,0.9982142857142857,0.9986338797814208,0.9984240386635849,0.65,0.9982142857142857,0.9986338797814208,0.9984240386635849,9503,17,13,0.9982142857142857,0.9986338797814208,0.9984240386635849,0.9991311578340036,0.998625464542076,0.9988782471848218,10133,10115
clean,20260725,2026-07-22_e1_clean_s20260725_seed20260725,19643,9516,65563,1.0,12.88439279999875,learned,0.6500030591266042,9512,4,4,9516,0.9995796553173603,0.9995796553173603,0.9995796553173603,0.8136698834838333,0.9997897834769813,0.9995796553173603,0.9996847083552286,9512,4,4,0.9995796553173603,0.9995796553173603,0.9995796553173603,0.9997963651173446,0.9990836430280507,0.999439877008348,10131,10115
clean,20260725,2026-07-22_e1_clean_s20260725_seed20260725,19643,9516,65563,1.0,12.88439279999875,splink,0.9986013472769922,9503,149,13,9652,0.9845627849150436,0.9986338797814208,0.9915484140233722,0.5827268764206824,0.9840662183135024,0.9994745691467003,0.9917105468953653,9503,149,13,0.9845627849150436,0.9986338797814208,0.9915484140233722,0.9909518233806784,0.9987781907040676,0.9948496149979632,10017,10115
clean,20260726,2026-07-22_e1_clean_s20260726_seed20260726,19637,9512,66143,1.0,13.222149000008358,baseline,0.65,9503,11,9,9514,0.9988438091233971,0.999053826745164,0.9989488068958269,0.65,0.9988438091233971,0.999053826745164,0.9989488068958269,9503,14,9,0.9985289481979616,0.999053826745164,0.9987913185138473,0.9993549591757058,0.9990324387635586,0.9991936729437936,10127,10115
clean,20260726,2026-07-22_e1_clean_s20260726_seed20260726,19637,9512,66143,1.0,13.222149000008358,learned,0.6500030591266042,9506,7,6,9513,0.9992641648270787,0.9993692178301093,0.9993166885676741,0.7881757398688451,0.9996844430419691,0.9991589571068125,0.9994216310005785,9506,8,6,0.9991591339079252,0.9993692178301093,0.9992641648270788,0.9995926057951826,0.9991852115903651,0.9993888671748931,10127,10115
clean,20260726,2026-07-22_e1_clean_s20260726_seed20260726,19637,9512,66143,1.0,13.222149000008358,splink,0.9986013472769922,9503,137,9,9640,0.9857883817427386,0.999053826745164,0.9923767752715122,0.9986013472769922,0.9857883817427386,0.999053826745164,0.9923767752715122,9503,139,9,0.9855839037544079,0.999053826745164,0.9922731544324946,0.9915363853949177,0.9990324387635586,0.9952702978181729,10018,10115
clean,20260727,2026-07-22_e1_clean_s20260727_seed20260727,19637,9513,64809,1.0,13.144276099992567,baseline,0.65,9498,9,15,9507,0.9990533291259073,0.9984232103437402,0.9987381703470032,0.65,0.9990533291259073,0.9984232103437402,0.9987381703470032,9498,10,15,0.998948254101809,0.9984232103437402,0.998685663214342,0.9994737824854442,0.998319498905128,0.9988963072347133,10134,10107
clean,20260727,2026-07-22_e1_clean_s20260727_seed20260727,19637,9513,64809,1.0,13.144276099992567,learned,0.6500030591266042,9504,2,9,9506,0.9997896065642752,0.9990539262062441,0.9994216310005783,0.8136698834838333,0.9998947922146239,0.9990539262062441,0.9994741823535598,9504,3,9,0.9996844430419691,0.9990539262062441,0.9993690851735016,0.9998472271731934,0.9986250445587411,0.9992357621479117,10132,10107
clean,20260727,2026-07-22_e1_clean_s20260727_seed20260727,19637,9513,64809,1.0,13.144276099992567,splink,0.9986013472769922,9498,136,15,9634,0.9858833298733651,0.9984232103437402,0.9921136470465347,0.9986013472769922,0.9858833298733651,0.9984232103437402,0.9921136470465347,9498,138,15,0.9856787048567871,0.9984232103437402,0.9920100266332447,0.9916687885114835,0.9984213474563325,0.9950336119569976,10025,10107
clean,20260728,2026-07-22_e1_clean_s20260728_seed20260728,19634,9509,66175,1.0,12.954627800005255,baseline,0.65,9495,13,14,9508,0.9986327303323517,0.9985277105899674,0.9985802176999526,0.65,0.9986327303323517,0.9985277105899674,0.9985802176999526,9495,14,14,0.9985277105899674,0.9985277105899674,0.9985277105899674,0.9992835557366474,0.998522970357543,0.9989031182657784,10133,10112
clean,20260728,2026-07-22_e1_clean_s20260728_seed20260728,19634,9509,66175,1.0,12.954627800005255,learned,0.6500030591266042,9505,2,4,9507,0.999789628694646,0.9995793458828478,0.9996844762305427,0.6500030591266042,0.999789628694646,0.9995793458828478,0.9996844762305427,9505,2,4,0.999789628694646,0.9995793458828478,0.9996844762305427,0.9998981358867272,0.9990322909239076,0.9994650258831581,10130,10112
clean,20260728,2026-07-22_e1_clean_s20260728_seed20260728,19634,9509,66175,1.0,12.954627800005255,splink,0.9986013472769922,9495,143,14,9638,0.9851628968665699,0.9985277105899674,0.9918002820285162,0.9986013472769922,0.9851628968665699,0.9985277105899674,0.9918002820285162,9495,145,14,0.9849585062240664,0.9985277105899674,0.9916966943443521,0.9911649859087976,0.9987266985840888,0.9949314747562352,10018,10112
clean,20260729,2026-07-22_e1_clean_s20260729_seed20260729,19607,9500,64453,1.0,13.19090739999956,baseline,0.65,9489,11,11,9500,0.9988421052631579,0.9988421052631579,0.9988421052631579,0.65,0.9988421052631579,0.9988421052631579,0.9988421052631579,9489,11,11,0.9988421052631579,0.9988421052631579,0.9988421052631579,0.9994219751449311,0.9986739429795481,0.9990478190409036,10112,10092
clean,20260729,2026-07-22_e1_clean_s20260729_seed20260729,19607,9500,64453,1.0,13.19090739999956,learned,0.6500030591266042,9493,2,7,9495,0.9997893628225382,0.9992631578947369,0.999526191102922,0.9670749481315166,1.0,0.9991578947368421,0.9995787700084245,9493,2,7,0.9997893628225382,0.9992631578947369,0.999526191102922,0.9998979956138114,0.9988779517519253,0.9993877134011991,10113,10092
clean,20260729,2026-07-22_e1_clean_s20260729_seed20260729,19607,9500,64453,1.0,13.19090739999956,splink,0.9986013472769922,9489,112,11,9601,0.9883345484845328,0.9988421052631579,0.9935605465682426,0.9986013472769922,0.9883345484845328,0.9988421052631579,0.9935605465682426,9489,113,11,0.9882316184128307,0.9988421052631579,0.9935085331378913,0.9932048078067357,0.9986739429795481,0.9959318670446727,10028,10092
high_noise,20260720,2026-07-22_e1_high_noise_s20260720_seed20260720,19640,9510,63637,0.9978969505783386,13.170647399994778,baseline,0.65,9080,11,430,9091,0.998790012099879,0.9547844374342797,0.9762915972259556,0.55,0.9848691814647473,0.9855941114616193,0.9852315131129448,9080,11,430,0.998790012099879,0.9547844374342797,0.9762915972259556,0.9994229463679565,0.9767651052274269,0.987964134878471,10555,10109
high_noise,20260720,2026-07-22_e1_high_noise_s20260720_seed20260720,19640,9510,63637,0.9978969505783386,13.170647399994778,learned,0.6500030591266042,9367,3,143,9370,0.9996798292422625,0.9849631966351209,0.9922669491525423,0.06832104016296658,0.9941195001575134,0.995478443743428,0.9947985078547786,9367,4,143,0.9995731512111834,0.9849631966351209,0.9922143954239712,0.99979633401222,0.9915139171758316,0.9956379011488117,10272,10109
high_noise,20260720,2026-07-22_e1_high_noise_s20260720_seed20260720,19640,9510,63637,0.9978969505783386,13.170647399994778,splink,0.9986013472769922,9074,109,436,9183,0.988130240662093,0.9541535226077813,0.9708447012250575,0.5662987087670317,0.9867591424968474,0.9873817034700315,0.9870703248186691,9074,112,436,0.9878075332026998,0.9541535226077813,0.9706889174154899,0.9931653088934148,0.9767141887304819,0.9848710544184736,10471,10109
high_noise,20260721,2026-07-22_e1_high_noise_s20260721_seed20260721,19608,9524,63150,0.997270054598908,13.883162700003595,baseline,0.65,9134,11,390,9145,0.9987971569163477,0.9590508189836203,0.9785205420750978,0.55,0.9860528523489933,0.9872952540949181,0.9866736621196223,9134,13,390,0.998578768995299,0.9590508189836203,0.9784157249210005,0.9993812049503603,0.9795406636746907,0.9893614743276841,10469,10078
high_noise,20260721,2026-07-22_e1_high_noise_s20260721_seed20260721,19608,9524,63150,0.997270054598908,13.883162700003595,learned,0.6500030591266042,9403,1,121,9404,0.9998936622713739,0.9872952540949181,0.9935545224006763,0.0748286193508397,0.9942311726452696,0.99527509449811,0.9947528596914681,9403,1,121,0.9998936622713739,0.9872952540949181,0.9935545224006763,0.9999320005439956,0.9934040527675779,0.9966573375143093,10205,10078
high_noise,20260721,2026-07-22_e1_high_noise_s20260721_seed20260721,19608,9524,63150,0.997270054598908,13.883162700003595,splink,0.9986013472769922,9130,101,394,9231,0.9890586068681616,0.9586308273834523,0.9736070381231672,0.5662987087670317,0.9876232431298511,0.9886602267954641,0.988141462902718,9130,108,394,0.9883091578263693,0.9586308273834523,0.9732437906406565,0.9934652522779819,0.9793706650346797,0.9863676104779,10391,10078
high_noise,20260722,2026-07-22_e1_high_noise_s20260722_seed20260722,19651,9546,64449,0.9973811020322648,13.268895500004874,baseline,0.65,9103,12,443,9115,0.9986834887547997,0.9535931280117327,0.9756175981994534,0.55,0.9865757734661772,0.9854389272993924,0.9860070226927309,9103,15,443,0.9983549023908752,0.9535931280117327,0.9754607801114445,0.9992197174019982,0.9768459620375554,0.9879061777028417,10545,10103
high_noise,20260722,2026-07-22_e1_high_noise_s20260722_seed20260722,19651,9546,64449,0.9973811020322648,13.268895500004874,learned,0.6500030591266042,9419,4,127,9423,0.9995755067388306,0.9866959983239053,0.9930939954662871,0.06832104016296658,0.9960146827477714,0.994866959983239,0.995440490540328,9419,5,127,0.9994694397283531,0.9866959983239053,0.9930416447021613,0.9997285973572169,0.9931640459348974,0.9964355098907122,10234,10103
high_noise,20260722,2026-07-22_e1_high_noise_s20260722_seed20260722,19651,9546,64449,0.9973811020322648,13.268895500004874,splink,0.9986013472769922,9096,119,450,9215,0.9870862723819859,0.9528598365807668,0.9696711262725868,0.5662987087670317,0.986421558387299,0.9893148962916405,0.987866108786611,9096,125,450,0.9864439865524347,0.9528598365807668,0.9693611125912507,0.9923634081386866,0.9764897460689024,0.984362587276273,10459,10103
high_noise,20260723,2026-07-22_e1_high_noise_s20260723_seed20260723,19646,9528,62443,0.9972712006717045,12.92610440000135,baseline,0.65,9111,9,417,9120,0.9990131578947369,0.9562342569269522,0.9771557271557273,0.55,0.9866540563261875,0.9854114189756508,0.9860323461457677,9111,10,417,0.9989036289880495,0.9562342569269522,0.977103329937262,0.999504564118226,0.9780447249652175,0.98865820630703,10533,10112
high_noise,20260723,2026-07-22_e1_high_noise_s20260723_seed20260723,19646,9528,62443,0.9972712006717045,12.92610440000135,learned,0.6500030591266042,9390,3,138,9393,0.9996806132226126,0.9855163727959698,0.9925479625812589,0.06832104016296658,0.9950661347889985,0.994857262804366,0.9949616878345754,9390,3,138,0.9996806132226126,0.9855163727959698,0.9925479625812589,0.9998303301774747,0.992381824968611,0.9960921532955248,10257,10112
high_noise,20260723,2026-07-22_e1_high_noise_s20260723_seed20260723,19646,9528,62443,0.9972712006717045,12.92610440000135,splink,0.9986013472769922,9103,109,425,9212,0.9881676074685193,0.9553946263643996,0.9715048025613661,0.5662987087670317,0.9869980077592534,0.9879303106633082,0.9874639391555207,9103,114,425,0.9876315503960074,0.9553946263643996,0.9712456655108029,0.9929977264243782,0.9776375173911567,0.9852577589721265,10450,10112
high_noise,20260724,2026-07-22_e1_high_noise_s20260724_seed20260724,19642,9506,63634,0.9968440984641279,12.830018399996334,baseline,0.65,9120,3,386,9123,0.9996711608023676,0.9593940669051125,0.9791185785603091,0.55,0.9852972064692291,0.986955606985062,0.9861257094807652,9120,4,386,0.9995615957913196,0.9593940669051125,0.9790660225442834,0.9997793843125277,0.9793978888775754,0.9894836926464241,10520,10121
high_noise,20260724,2026-07-22_e1_high_noise_s20260724_seed20260724,19642,9506,63634,0.9968440984641279,12.830018399996334,learned,0.6500030591266042,9371,1,135,9372,0.9998932991890739,0.9857984430885757,0.9927958470176925,0.04533395719040302,0.994848070655031,0.9953713444140543,0.9951096387442814,9371,3,135,0.9996799658630254,0.9857984430885757,0.9926906779661018,0.9998778128500152,0.9922445100634694,0.9960465370256115,10271,10121
high_noise,20260724,2026-07-22_e1_high_noise_s20260724_seed20260724,19642,9506,63634,0.9968440984641279,12.830018399996334,splink,0.9986013472769922,9115,134,391,9249,0.9855119472375392,0.9588680833158005,0.9720074646760863,0.5662987087670317,0.9843995393152549,0.9890595413423101,0.9867240384110825,9115,138,391,0.9850859180806225,0.9588680833158005,0.9718002025694333,0.9916284831822963,0.9792112140650987,0.9853807311418079,10413,10121
high_noise,20260725,2026-07-22_e1_high_noise_s20260725_seed20260725,19643,9516,62347,0.998108448928121,12.97966969999834,baseline,0.65,9113,15,403,9128,0.9983567046450482,0.9576502732240437,0.9775799184724309,0.55,0.9844814931320122,0.9866540563261875,0.9855665774418727,9113,16,403,0.9982473436301895,0.9576502732240437,0.9775274872620004,0.9991990361282221,0.978584398174074,0.98878428291679,10524,10115
high_noise,20260725,2026-07-22_e1_high_noise_s20260725_seed20260725,19643,9516,62347,0.998108448928121,12.97966969999834,learned,0.6500030591266042,9372,4,144,9376,0.9995733788395904,0.9848675914249685,0.9921659961888629,0.0748286193508397,0.9950640621718126,0.9956914670029424,0.9953776657211892,9372,4,144,0.9995733788395904,0.9848675914249685,0.9921659961888629,0.9997963651173446,0.9918715742673386,0.9958182034321196,10271,10115
high_noise,20260725,2026-07-22_e1_high_noise_s20260725_seed20260725,19643,9516,62347,0.998108448928121,12.97966969999834,splink,0.9986013472769922,9104,134,412,9238,0.9854946958216064,0.9567044976881043,0.9708862109416657,0.5662987087670317,0.9849262011933424,0.9887557797393863,0.9868372751586344,9104,138,412,0.9850681670634062,0.9567044976881043,0.9706791768845292,0.9917069694038588,0.9782450067029814,0.9849299908814185,10427,10115
high_noise,20260726,2026-07-22_e1_high_noise_s20260726_seed20260726,19637,9512,63293,0.9980025231286795,13.122469699999783,baseline,0.65,9096,8,416,9104,0.9991212653778558,0.9562657695542472,0.9772238934250107,0.55,0.985831234256927,0.9874894869638352,0.9866596638655463,9096,11,416,0.9987921379158888,0.9562657695542472,0.9770664375100703,0.9994058834513079,0.9780940741117957,0.9886351385218626,10534,10115
high_noise,20260726,2026-07-22_e1_high_noise_s20260726_seed20260726,19637,9512,63293,0.9980025231286795,13.122469699999783,learned,0.6500030591266042,9383,5,129,9388,0.9994674051981253,0.9864381833473507,0.992910052910053,0.0748286193508397,0.9962145110410094,0.9960050462573591,0.9961097676374724,9383,6,129,0.999360954308233,0.9864381833473507,0.9928575207660969,0.9996944543463869,0.9927687528644905,0.9962195669111493,10251,10115
high_noise,20260726,2026-07-22_e1_high_noise_s20260726_seed20260726,19637,9512,63293,0.9980025231286795,13.122469699999783,splink,0.9986013472769922,9083,114,429,9197,0.9876046536914211,0.9548990748528174,0.9709765353573147,0.5662987087670317,0.9850214727139416,0.988645920941968,0.9868303688546094,9083,126,429,0.9863177326528396,0.9548990748528174,0.9703541477485177,0.9924869718728251,0.9774490332875015,0.9849106048788412,10452,10115
high_noise,20260727,2026-07-22_e1_high_noise_s20260727_seed20260727,19637,9513,61546,0.9982129717229055,12.975037199998042,baseline,0.65,9105,8,408,9113,0.9991221332162844,0.957111321349732,0.9776656286910769,0.55,0.9849119865884325,0.9881215179228424,0.9865141417851707,9105,11,408,0.9987933304080737,0.957111321349732,0.9775081861613613,0.999405883451308,0.9781365110081309,0.9886568163179893,10526,10107
high_noise,20260727,2026-07-22_e1_high_noise_s20260727_seed20260727,19637,9513,61546,0.9982129717229055,12.975037199998042,learned,0.6500030591266042,9384,2,129,9386,0.9997869166844237,0.9864396089561652,0.9930684163183238,0.06891927791085234,0.9945406824146982,0.9957952275833071,0.9951675596176068,9384,4,129,0.9995739241585002,0.9864396089561652,0.992963335273266,0.9997963028975912,0.9924462324523432,0.99610770920139,10252,10107
high_noise,20260727,2026-07-22_e1_high_noise_s20260727_seed20260727,19637,9513,61546,0.9982129717229055,12.975037199998042,splink,0.9986013472769922,9094,120,419,9214,0.9869763403516388,0.9559550089351414,0.9712180274470017,0.5662987087670317,0.9858297470347434,0.9872805634395039,0.9865546218487394,9094,130,419,0.985906331309627,0.9559550089351414,0.970699685115013,0.9922968545772437,0.9776781925277114,0.9849332829466302,10439,10107
high_noise,20260728,2026-07-22_e1_high_noise_s20260728_seed20260728,19634,9509,63152,0.9976864023556631,12.790135699993698,baseline,0.65,9112,12,397,9124,0.9986847873739588,0.958250078872647,0.9780496967745398,0.55,0.9835584877997696,0.9876958670732989,0.9856228355546227,9112,12,397,0.9986847873739588,0.958250078872647,0.9780496967745398,0.9993854198499202,0.9788122644392381,0.9889918622590719,10517,10112
high_noise,20260728,2026-07-22_e1_high_noise_s20260728_seed20260728,19634,9509,63152,0.9976864023556631,12.790135699993698,learned,0.6500030591266042,9383,0,126,9383,1.0,0.9867493953097066,0.9933305102688968,0.0748286193508397,0.9946422943586511,0.9956882952991902,0.9951650199705697,9383,0,126,1.0,0.9867493953097066,0.9933305102688968,1.0,0.9927336932532004,0.996353598691385,10253,10112
high_noise,20260728,2026-07-22_e1_high_noise_s20260728_seed20260728,19634,9509,63152,0.9976864023556631,12.790135699993698,splink,0.9986013472769922,9101,120,408,9221,0.9869862270903372,0.9570932800504784,0.9718099305926321,0.5662987087670317,0.985742740329175,0.9888526658954675,0.9872952540949181,9101,126,408,0.9863444239731224,0.9570932800504784,0.9714987190435525,0.9922939798309054,0.9784048079861465,0.9853004495706784,10428,10112
high_noise,20260729,2026-07-22_e1_high_noise_s20260729_seed20260729,19607,9500,61224,0.9969473684210526,12.996540500011179,baseline,0.65,9084,9,416,9093,0.999010227647641,0.9562105263157895,0.9771419351368795,0.55,0.9850840336134454,0.9871578947368421,0.9861198738170347,9084,11,416,0.9987905442550852,0.9562105263157895,0.9770368378596397,0.9994219751449311,0.9777970452729468,0.9884912538126724,10517,10092
high_noise,20260729,2026-07-22_e1_high_noise_s20260729_seed20260729,19607,9500,61224,0.9969473684210526,12.996540500011179,learned,0.6500030591266042,9375,2,125,9377,0.9997867121680708,0.9868421052631579,0.9932722360544579,0.0748286193508397,0.9944263329477337,0.9953684210526316,0.9948971539796938,9375,2,125,0.9997867121680708,0.9868421052631579,0.9932722360544579,0.9998979956138114,0.992757688580609,0.9963150491232577,10231,10092
high_noise,20260729,2026-07-22_e1_high_noise_s20260729_seed20260729,19607,9500,61224,0.9969473684210526,12.996540500011179,splink,0.9986013472769922,9079,99,421,9178,0.989213336238832,0.9556842105263158,0.9721597601456258,0.5662987087670317,0.9886375591793792,0.9891578947368421,0.988897658510918,9079,103,421,0.988782400348508,0.9556842105263158,0.9719516111765335,0.993799833392836,0.9775420343074753,0.9856038942271884,10446,10092
low_overlap,20260720,2026-07-22_e1_low_overlap_s20260720_seed20260720,11184,2247,20788,1.0,7.155765599993174,baseline,0.65,2241,6,6,2247,0.9973297730307076,0.9973297730307076,0.9973297730307076,0.65,0.9973297730307076,0.9973297730307076,0.9973297730307076,2241,6,6,0.9973297730307076,0.9973297730307076,0.9973297730307076,0.9993890081068192,0.990343347639485,0.9948456163204754,8938,8835
low_overlap,20260720,2026-07-22_e1_low_overlap_s20260720_seed20260720,11184,2247,20788,1.0,7.155765599993174,learned,0.6500030591266042,2244,1,3,2245,0.999554565701559,0.9986648865153538,0.9991095280498664,0.8685582009567687,0.999554565701559,0.9986648865153538,0.9991095280498664,2244,1,3,0.999554565701559,0.9986648865153538,0.9991095280498664,0.9998807820696232,0.9906115879828327,0.9952246029392249,8939,8835
low_overlap,20260720,2026-07-22_e1_low_overlap_s20260720_seed20260720,11184,2247,20788,1.0,7.155765599993174,splink,0.9986013472769922,2241,52,6,2293,0.9773222852158744,0.9973297730307076,0.9872246696035242,0.9986013472769922,0.9773222852158744,0.9973297730307076,0.9872246696035242,2241,52,6,0.9773222852158744,0.9973297730307076,0.9872246696035242,0.9948587267525035,0.9905221745350501,0.9926857146041779,8894,8835
low_overlap,20260721,2026-07-22_e1_low_overlap_s20260721_seed20260721,11168,2244,21008,1.0,7.3399079000082565,baseline,0.65,2238,4,6,2242,0.9982158786797503,0.9973262032085561,0.9977708426214892,0.65,0.9982158786797503,0.9973262032085561,0.9977708426214892,2238,4,6,0.9982158786797503,0.9973262032085561,0.9977708426214892,0.9995522922636103,0.990060888252149,0.9947839509953861,8927,8820
low_overlap,20260721,2026-07-22_e1_low_overlap_s20260721_seed20260721,11168,2244,21008,1.0,7.3399079000082565,learned,0.6500030591266042,2240,1,4,2241,0.999553770638108,0.9982174688057041,0.9988851727982163,0.5064596882584461,0.9995539696699376,0.9986631016042781,0.9991083370485956,2240,1,4,0.999553770638108,0.9982174688057041,0.9988851727982163,0.9998806112702961,0.9902399713467048,0.9950369404776643,8928,8820
low_overlap,20260721,2026-07-22_e1_low_overlap_s20260721_seed20260721,11168,2244,21008,1.0,7.3399079000082565,splink,0.9986013472769922,2238,30,6,2268,0.9867724867724867,0.9973262032085561,0.9920212765957447,0.9986013472769922,0.9867724867724867,0.9973262032085561,0.9920212765957447,2238,30,6,0.9867724867724867,0.9973262032085561,0.9920212765957447,0.9970391595033428,0.990060888252149,0.9935377707781321,8903,8820
low_overlap,20260722,2026-07-22_e1_low_overlap_s20260722_seed20260722,11193,2255,20994,1.0,7.253169300005538,baseline,0.65,2249,2,6,2251,0.9991115059973346,0.9973392461197339,0.9982245894363072,0.65,0.9991115059973346,0.9973392461197339,0.9982245894363072,2249,2,6,0.9991115059973346,0.9973392461197339,0.9982245894363072,0.9997617558593169,0.9905297954078441,0.9951243644253273,8944,8840
low_overlap,20260722,2026-07-22_e1_low_overlap_s20260722_seed20260722,11193,2255,20994,1.0,7.253169300005538,learned,0.6500030591266042,2252,0,3,2252,1.0,0.998669623059867,0.9993343687597072,0.8136698834838333,1.0,0.998669623059867,0.9993343687597072,2252,0,3,1.0,0.998669623059867,0.9993343687597072,1.0,0.9907978200661127,0.9953776421487233,8943,8840
low_overlap,20260722,2026-07-22_e1_low_overlap_s20260722_seed20260722,11193,2255,20994,1.0,7.253169300005538,splink,0.9986013472769922,2249,45,6,2294,0.9803836094158674,0.9973392461197339,0.9887887447790723,0.5827268764206824,0.979982593559617,0.998669623059867,0.9892378651438611,2249,45,6,0.9803836094158674,0.9973392461197339,0.9887887447790723,0.9956222639149468,0.9906191369606003,0.9931143992703247,8903,8840
low_overlap,20260723,2026-07-22_e1_low_overlap_s20260723_seed20260723,11189,2270,20445,1.0,7.192291799990926,baseline,0.65,2264,4,6,2268,0.9982363315696648,0.9973568281938326,0.99779638607316,0.65,0.9982363315696648,0.9973568281938326,0.99779638607316,2264,4,6,0.9982363315696648,0.9973568281938326,0.99779638607316,0.999582923704829,0.992194715047517,0.9958751166349378,8922,8839
low_overlap,20260723,2026-07-22_e1_low_overlap_s20260723_seed20260723,11189,2270,20445,1.0,7.192291799990926,learned,0.6500030591266042,2268,1,2,2269,0.999559277214632,0.9991189427312775,0.9993390614672836,0.6647301707266903,0.999559277214632,0.9991189427312775,0.9993390614672836,2268,1,2,0.999559277214632,0.9991189427312775,0.9993390614672836,0.9999106265081776,0.992582000178747,0.9962328355611216,8921,8839
low_overlap,20260723,2026-07-22_e1_low_overlap_s20260723_seed20260723,11189,2270,20445,1.0,7.192291799990926,splink,0.9986013472769922,2264,46,6,2310,0.9800865800865801,0.9973568281938326,0.9886462882096071,0.5827268764206824,0.9784296807592753,0.9991189427312775,0.988666085440279,2264,46,6,0.9800865800865801,0.9973568281938326,0.9886462882096071,0.9952781005153871,0.992194715047517,0.9937340159837206,8881,8839
low_overlap,20260724,2026-07-22_e1_low_overlap_s20260724_seed20260724,11185,2256,20944,1.0,7.399912399996538,baseline,0.65,2255,2,1,2257,0.999113867966327,0.9995567375886525,0.9993352537115,0.65,0.999113867966327,0.9995567375886525,0.9993352537115,2255,2,1,0.999113867966327,0.9995567375886525,0.9993352537115,0.9997913872746237,0.991685292802861,0.9957218425401168,8929,8838
low_overlap,20260724,2026-07-22_e1_low_overlap_s20260724_seed20260724,11185,2256,20944,1.0,7.399912399996538,learned,0.6500030591266042,2255,0,1,2255,1.0,0.9995567375886525,0.9997783196630459,0.8136698834838333,1.0,0.9995567375886525,0.9997783196630459,2255,0,1,1.0,0.9995567375886525,0.9997783196630459,1.0,0.991685292802861,0.9958252906585268,8931,8838
low_overlap,20260724,2026-07-22_e1_low_overlap_s20260724_seed20260724,11185,2256,20944,1.0,7.399912399996538,splink,0.9986013472769922,2255,55,1,2310,0.9761904761904762,0.9995567375886525,0.9877354358300481,0.9986013472769922,0.9761904761904762,0.9995567375886525,0.9877354358300481,2255,55,1,0.9761904761904762,0.9995567375886525,0.9877354358300481,0.9946207718670838,0.9917746982565937,0.9931956961589319,8878,8838
low_overlap,20260725,2026-07-22_e1_low_overlap_s20260725_seed20260725,11187,2251,20388,1.0,7.299553200005903,baseline,0.65,2250,5,1,2255,0.9977827050997783,0.9995557529986673,0.9986684420772305,0.65,0.9977827050997783,0.9995557529986673,0.9986684420772305,2250,5,1,0.9977827050997783,0.9995557529986673,0.9986684420772305,0.9994338666905038,0.9911504424778761,0.9952749196656863,8933,8839
low_overlap,20260725,2026-07-22_e1_low_overlap_s20260725_seed20260725,11187,2251,20388,1.0,7.299553200005903,learned,0.6500030591266042,2251,1,0,2252,0.9995559502664298,1.0,0.9997779258272262,0.6500030591266042,0.9995559502664298,1.0,0.9997779258272262,2251,1,0,0.9995559502664298,1.0,0.9997779258272262,0.999880814040106,0.9912398319477965,0.9955415731076321,8936,8839
low_overlap,20260725,2026-07-22_e1_low_overlap_s20260725_seed20260725,11187,2251,20388,1.0,7.299553200005903,splink,0.9986013472769922,2250,46,1,2296,0.9799651567944251,0.9995557529986673,0.9896635144051023,0.7959649952156721,0.9795474325500435,1.0,0.9896680589140471,2250,46,1,0.9799651567944251,0.9995557529986673,0.9896635144051023,0.9952921545841898,0.9911504424778761,0.9932169808177508,8892,8839
low_overlap,20260726,2026-07-22_e1_low_overlap_s20260726_seed20260726,11183,2246,20784,1.0,7.002232200000435,baseline,0.65,2240,3,6,2243,0.9986625055728935,0.9973285841495992,0.9979950991312097,0.65,0.9986625055728935,0.9973285841495992,0.9979950991312097,2240,5,6,0.9977728285077951,0.9973285841495992,0.997550656869294,0.9996244299382991,0.990431905570956,0.9950069365706815,8940,8836
low_overlap,20260726,2026-07-22_e1_low_overlap_s20260726_seed20260726,11183,2246,20784,1.0,7.002232200000435,learned,0.6500030591266042,2244,2,2,2246,0.9991095280498664,0.9991095280498664,0.9991095280498664,0.9302240901998885,1.0,0.9991095280498664,0.9995545657015591,2244,2,2,0.9991095280498664,0.9991095280498664,0.9991095280498664,0.9997913499657217,0.9907895913440042,0.9952701168836091,8937,8836
low_overlap,20260726,2026-07-22_e1_low_overlap_s20260726_seed20260726,11183,2246,20784,1.0,7.002232200000435,splink,0.9986013472769922,2240,42,6,2282,0.9815950920245399,0.9973285841495992,0.9893992932862191,0.9986013472769922,0.9815950920245399,0.9973285841495992,0.9893992932862191,2240,42,6,0.9815950920245399,0.9973285841495992,0.9893992932862191,0.9961071865033235,0.9906107484574801,0.9933513642794994,8905,8836
low_overlap,20260727,2026-07-22_e1_low_overlap_s20260727_seed20260727,11184,2247,20283,1.0,7.127933499999926,baseline,0.65,2245,4,2,2249,0.9982214317474433,0.9991099243435692,0.9986654804270463,0.65,0.9982214317474433,0.9991099243435692,0.9986654804270463,2245,4,2,0.9982214317474433,0.9991099243435692,0.9986654804270463,0.9996125417262756,0.9907904148783977,0.9951819270044797,8935,8836
low_overlap,20260727,2026-07-22_e1_low_overlap_s20260727_seed20260727,11184,2247,20283,1.0,7.127933499999926,learned,0.6500030591266042,2246,0,1,2246,1.0,0.9995549621717846,0.9997774315602047,0.8136698834838333,1.0,0.9995549621717846,0.9997774315602047,2246,0,1,1.0,0.9995549621717846,0.9997774315602047,1.0,0.9908798283261803,0.9954190245216923,8938,8836
low_overlap,20260727,2026-07-22_e1_low_overlap_s20260727_seed20260727,11184,2247,20283,1.0,7.127933499999926,splink,0.9986013472769922,2245,39,2,2284,0.9829246935201401,0.9991099243435692,0.9909512248951666,0.9986013472769922,0.9829246935201401,0.9991099243435692,0.9909512248951666,2245,39,2,0.9829246935201401,0.9991099243435692,0.9909512248951666,0.9961254172627564,0.9907904148783977,0.9934507536508156,8900,8836
low_overlap,20260728,2026-07-22_e1_low_overlap_s20260728_seed20260728,11182,2245,20437,1.0,7.614955600001849,baseline,0.65,2244,4,1,2248,0.998220640569395,0.999554565701559,0.9988871578010238,0.65,0.998220640569395,0.999554565701559,0.9988871578010238,2244,4,1,0.998220640569395,0.999554565701559,0.9988871578010238,0.9995528527991415,0.9906993382221427,0.9951064033528546,8935,8835
low_overlap,20260728,2026-07-22_e1_low_overlap_s20260728_seed20260728,11182,2245,20437,1.0,7.614955600001849,learned,0.6500030591266042,2245,1,0,2246,0.9995547640249333,1.0,0.9997773324426631,0.9215396718679068,1.0,1.0,1.0,2245,1,0,0.9995547640249333,1.0,0.9997773324426631,0.9998807607464377,0.9907887676623144,0.9953140012557645,8937,8835
low_overlap,20260728,2026-07-22_e1_low_overlap_s20260728_seed20260728,11182,2245,20437,1.0,7.614955600001849,splink,0.9986013472769922,2244,45,1,2289,0.9803407601572739,0.999554565701559,0.9898544331715925,0.9986013472769922,0.9803407601572739,0.999554565701559,0.9898544331715925,2244,45,1,0.9803407601572739,0.999554565701559,0.9898544331715925,0.9954241936445477,0.9906993382221427,0.9930561458753769,8896,8835
low_overlap,20260729,2026-07-22_e1_low_overlap_s20260729_seed20260729,11167,2244,20254,1.0,7.5638238999963505,baseline,0.65,2241,5,3,2246,0.9977738201246661,0.9986631016042781,0.9982182628062362,0.65,0.9977738201246661,0.9986631016042781,0.9982182628062362,2241,5,3,0.9977738201246661,0.9986631016042781,0.9982182628062362,0.9994627026058923,0.9906868451688009,0.9950554246696353,8921,8822
low_overlap,20260729,2026-07-22_e1_low_overlap_s20260729_seed20260729,11167,2244,20254,1.0,7.5638238999963505,learned,0.6500030591266042,2243,1,1,2244,0.999554367201426,0.999554367201426,0.999554367201426,0.9694852612119096,1.0,0.999554367201426,0.9997771339425006,2243,1,1,0.999554367201426,0.999554367201426,0.999554367201426,0.9999104504343154,0.9908659443001702,0.9953676518425352,8923,8822
low_overlap,20260729,2026-07-22_e1_low_overlap_s20260729_seed20260729,11167,2244,20254,1.0,7.5638238999963505,splink,0.9986013472769922,2241,40,3,2281,0.9824638316527838,0.9986631016042781,0.9904972375690607,0.9986013472769922,0.9824638316527838,0.9986631016042781,0.9904972375690607,2241,40,3,0.9824638316527838,0.9986631016042781,0.9904972375690607,0.9959404196889644,0.9908659443001702,0.9933967016699272,8886,8822
one_to_many,20260720,2026-07-22_e1_one_to_many_s20260720_seed20260720,28684,18666,127891,1.0,19.725423700001556,baseline,0.65,18627,26,39,18653,0.99860612233957,0.9979106396657024,0.9982582598676277,0.638888888888889,0.9986061970622923,0.9979642130076074,0.9982851018220794,18627,26,39,0.99860612233957,0.9979106396657024,0.9982582598676277,0.999274857063171,0.9984602333472785,0.9988673791141847,10141,10109
one_to_many,20260720,2026-07-22_e1_one_to_many_s20260720_seed20260720,28684,18666,127891,1.0,19.725423700001556,learned,0.6500030591266042,18645,8,21,18653,0.9995711145660215,0.9988749598199935,0.9992229159409416,0.8136698834838333,0.9995711145660215,0.9988749598199935,0.9992229159409416,18645,8,21,0.9995711145660215,0.9988749598199935,0.9992229159409416,0.9997908241528378,0.9991632966113513,0.9994769618828815,10130,10109
one_to_many,20260720,2026-07-22_e1_one_to_many_s20260720_seed20260720,28684,18666,127891,1.0,19.725423700001556,splink,0.9986013472769922,18627,162,39,18789,0.9913779338974932,0.9979106396657024,0.9946335602723269,0.9986013472769922,0.9913779338974932,0.9979106396657024,0.9946335602723269,18627,164,39,0.9912724176467458,0.9979106396657024,0.9945804522519155,0.9934692312289579,0.9985880630316553,0.9960220704020419,10038,10109
one_to_many,20260721,2026-07-22_e1_one_to_many_s20260721_seed20260721,28651,18666,127995,1.0,19.515870099989115,baseline,0.65,18634,25,32,18659,0.9986601639959269,0.9982856530590378,0.9984728734092432,0.6466666666666667,0.9986067198971116,0.9983392264009429,0.9984729552334771,18634,27,32,0.9985531322008467,0.9982856530590378,0.9984193747153536,0.9992670412900073,0.9987260479564412,0.9989964713812824,10102,10078
one_to_many,20260721,2026-07-22_e1_one_to_many_s20260721_seed20260721,28651,18666,127995,1.0,19.515870099989115,learned,0.6500030591266042,18644,2,22,18646,0.9998927383889306,0.9988213864780885,0.9993567753001714,0.5064596882584461,0.9998927556437343,0.9989821065038037,0.9994372236366071,18644,2,22,0.9998927383889306,0.9988213864780885,0.9993567753001714,0.9999476458064291,0.9991041615766756,0.9995257257407751,10100,10078
one_to_many,20260721,2026-07-22_e1_one_to_many_s20260721_seed20260721,28651,18666,127995,1.0,19.515870099989115,splink,0.9986013472769922,18634,146,32,18780,0.9922257720979766,0.9982856530590378,0.9952464882764515,0.9986013472769922,0.9922257720979766,0.9982856530590378,0.9952464882764515,18634,148,32,0.992120115003727,0.9982856530590378,0.9951933347575304,0.9943457470943422,0.9988191220783451,0.9965774146594784,10016,10078
one_to_many,20260722,2026-07-22_e1_one_to_many_s20260722_seed20260722,28711,18704,129287,0.9999465355004277,19.335859900005744,baseline,0.65,18672,24,32,18696,0.9987163029525032,0.998289136013687,0.9985026737967915,0.65,0.9987163029525032,0.998289136013687,0.9985026737967915,18672,30,32,0.9983958934873276,0.998289136013687,0.9983425118964872,0.9992163282365644,0.9987461251785031,0.998981171378437,10127,10103
one_to_many,20260722,2026-07-22_e1_one_to_many_s20260722_seed20260722,28711,18704,129287,0.9999465355004277,19.335859900005744,learned,0.6500030591266042,18682,10,22,18692,0.9994650117697411,0.9988237810094097,0.9991442935073269,0.8136698834838333,1.0,0.9987703165098375,0.9993847799919755,18682,10,22,0.9994650117697411,0.9988237810094097,0.9991442935073269,0.9997387760788548,0.9991408635482335,0.9994397303886016,10122,10103
one_to_many,20260722,2026-07-22_e1_one_to_many_s20260722_seed20260722,28711,18704,129287,0.9999465355004277,19.335859900005744,splink,0.9986013472769922,18671,186,33,18857,0.9901362889112796,0.9982356715141146,0.9941694843055296,0.5827268764206824,0.9896705159444856,0.998877245508982,0.9942525677185887,18671,192,33,0.9898213433706198,0.9982356715141146,0.9940107008810924,0.9927414579777786,0.9987925649867065,0.9957578185948474,10018,10103
one_to_many,20260723,2026-07-22_e1_one_to_many_s20260723_seed20260723,28693,18672,125907,1.0,19.155358100004378,baseline,0.65,18642,17,30,18659,0.9990889115172303,0.9983933161953727,0.9987409927406177,0.65,0.9990889115172303,0.9983933161953727,0.9987409927406177,18642,17,30,0.9990889115172303,0.9983933161953727,0.9987409927406177,0.9995295019691214,0.9986988696430023,0.9991140131656191,10139,10112
one_to_many,20260723,2026-07-22_e1_one_to_many_s20260723_seed20260723,28693,18672,125907,1.0,19.155358100004378,learned,0.6500030591266042,18656,5,16,18661,0.9997320615186753,0.9991431019708654,0.9994374949776337,0.8136698834838333,0.9999463979416809,0.9990895458440445,0.999517788255465,18656,5,16,0.9997320615186753,0.9991431019708654,0.9994374949776337,0.9998431673230405,0.9993262003508404,0.9995846169954675,10128,10112
one_to_many,20260723,2026-07-22_e1_one_to_many_s20260723_seed20260723,28693,18672,125907,1.0,19.155358100004378,splink,0.9986013472769922,18642,158,30,18800,0.9915957446808511,0.9983933161953727,0.9949829205807003,0.9986013472769922,0.9915957446808511,0.9983933161953727,0.9949829205807003,18642,159,30,0.9915430030317536,0.9983933161953727,0.9949563685853815,0.9935210678562715,0.9987685730549846,0.9961379097358599,10033,10112
one_to_many,20260724,2026-07-22_e1_one_to_many_s20260724_seed20260724,28676,18644,127932,1.0,19.09941599999729,baseline,0.65,18616,6,28,18622,0.9996778004510793,0.9984981763570049,0.9990876402082327,0.65,0.9996778004510793,0.9984981763570049,0.9990876402082327,18616,6,28,0.9996778004510793,0.9984981763570049,0.9990876402082327,0.9998082019807505,0.998732970660715,0.999270297079158,10149,10121
one_to_many,20260724,2026-07-22_e1_one_to_many_s20260724_seed20260724,28676,18644,127932,1.0,19.09941599999729,learned,0.6500030591266042,18632,0,12,18632,1.0,0.9993563612958593,0.9996780770468935,0.6500030591266042,1.0,0.9993563612958593,0.9996780770468935,18632,0,12,1.0,0.9993563612958593,0.9996780770468935,1.0,0.999407169758683,0.9997034969913664,10136,10121
one_to_many,20260724,2026-07-22_e1_one_to_many_s20260724_seed20260724,28676,18644,127932,1.0,19.09941599999729,splink,0.9986013472769922,18616,180,28,18796,0.9904234943605023,0.9984981763570049,0.9944444444444444,0.9986013472769922,0.9904234943605023,0.9984981763570049,0.9944444444444444,18616,184,28,0.9902127659574468,0.9984981763570049,0.9943382117295161,0.9928088197198254,0.998732970660715,0.9957620840358822,10033,10121
one_to_many,20260725,2026-07-22_e1_one_to_many_s20260725_seed20260725,28684,18658,125804,1.0,19.379026900001918,baseline,0.65,18630,30,28,18660,0.9983922829581994,0.9984993032479366,0.9984457902352752,0.65,0.9983922829581994,0.9984993032479366,0.9984457902352752,18630,33,28,0.9982317955312651,0.9984993032479366,0.9983655314702178,0.9991110026495608,0.9987100822758332,0.9989105022345838,10137,10115
one_to_many,20260725,2026-07-22_e1_one_to_many_s20260725_seed20260725,28684,18658,125804,1.0,19.379026900001918,learned,0.6500030591266042,18650,8,8,18658,0.9995712294994105,0.9995712294994105,0.9995712294994105,0.8460420846827983,0.9997855572830108,0.9995176331868367,0.9996515772828388,18650,8,8,0.9995712294994105,0.9995712294994105,0.9995712294994105,0.9997908241528378,0.9995700274252778,0.9996804135973629,10124,10115
one_to_many,20260725,2026-07-22_e1_one_to_many_s20260725_seed20260725,28684,18658,125804,1.0,19.379026900001918,splink,0.9986013472769922,18630,189,28,18819,0.9899569583931134,0.9984993032479366,0.9942097819996265,0.5827268764206824,0.9894424107379702,0.9995712294994105,0.9944810302076945,18630,192,28,0.9897991711826586,0.9984993032479366,0.9941302027748132,0.9925259477658027,0.9987333240366291,0.9956199607371844,10023,10115
one_to_many,20260726,2026-07-22_e1_one_to_many_s20260726_seed20260726,28672,18646,126704,1.0,19.488709000012022,baseline,0.65,18618,20,28,18638,0.9989269234896448,0.9984983374450285,0.9987125844866432,0.65,0.9989269234896448,0.9984983374450285,0.9987125844866432,18618,26,28,0.9986054494743617,0.9984983374450285,0.9985518905872889,0.9993722098214287,0.9987327938988095,0.99905239955,10139,10115
one_to_many,20260726,2026-07-22_e1_one_to_many_s20260726_seed20260726,28672,18646,126704,1.0,19.488709000012022,learned,0.6500030591266042,18631,14,15,18645,0.9992491284526682,0.9991955379169795,0.9992223324662788,0.7881757398688451,0.9996780252213576,0.9990882763059101,0.9993830637590193,18631,16,15,0.9991419531291896,0.9991955379169795,0.999168744804655,0.9995814732142857,0.9992908296130951,0.9994361302833503,10129,10115
one_to_many,20260726,2026-07-22_e1_one_to_many_s20260726_seed20260726,28672,18646,126704,1.0,19.488709000012022,splink,0.9986013472769922,18618,182,28,18800,0.9903191489361702,0.9984983374450285,0.9943919243710944,0.9986013472769922,0.9903191489361702,0.9984983374450285,0.9943919243710944,18618,184,28,0.9902138070418041,0.9984983374450285,0.9943388164922026,0.992902981505102,0.9988025483630952,0.9958440274755259,10027,10115
one_to_many,20260727,2026-07-22_e1_one_to_many_s20260727_seed20260727,28680,18666,124113,1.0,19.263124200006132,baseline,0.65,18640,17,26,18657,0.9990888138500295,0.9986070931104682,0.9988478953996196,0.6419047619047619,0.9990888626862472,0.9986606664523733,0.9988747186796699,18640,19,26,0.9989817246369045,0.9986070931104682,0.9987943737441393,0.999442119944212,0.9989423523942351,0.9991921736768434,10127,10107
one_to_many,20260727,2026-07-22_e1_one_to_many_s20260727_seed20260727,28680,18666,124113,1.0,19.263124200006132,learned,0.6500030591266042,18653,3,13,18656,0.9998391938250428,0.9993035465552341,0.9995712984298805,0.6500030591266042,0.9998391938250428,0.9993035465552341,0.9995712984298805,18653,5,13,0.9997320184371316,0.9993035465552341,0.9995177365770014,0.999860529986053,0.9995002324500232,0.9996803487540833,10119,10107
one_to_many,20260727,2026-07-22_e1_one_to_many_s20260727_seed20260727,28680,18666,124113,1.0,19.263124200006132,splink,0.9986013472769922,18640,175,26,18815,0.9906989104437949,0.9986070931104682,0.9946372828899976,0.9986013472769922,0.9906989104437949,0.9986070931104682,0.9946372828899976,18640,182,26,0.9903304643502284,0.9986070931104682,0.9944515578318395,0.9930165371587966,0.9989888423988842,0.9959937368838716,10018,10107
one_to_many,20260728,2026-07-22_e1_one_to_many_s20260728_seed20260728,28669,18650,126942,1.0,19.39129060000414,baseline,0.65,18628,25,22,18653,0.9986597330188174,0.9988203753351207,0.9987400477173418,0.65,0.9986597330188174,0.9988203753351207,0.9987400477173418,18628,27,22,0.9985526668453498,0.9988203753351207,0.998686503149712,0.9992909215030671,0.9990989105537922,0.999194906803952,10125,10112
one_to_many,20260728,2026-07-22_e1_one_to_many_s20260728_seed20260728,28669,18650,126942,1.0,19.39129060000414,learned,0.6500030591266042,18638,4,12,18642,0.9997854307477738,0.9993565683646113,0.9995709535557225,0.5414088560605781,0.9997854537652864,0.9994638069705094,0.9996246044940204,18638,4,12,0.9997854307477738,0.9993565683646113,0.9995709535557225,0.999895357354634,0.9994767867731696,0.9996860282498145,10124,10112
one_to_many,20260728,2026-07-22_e1_one_to_many_s20260728_seed20260728,28669,18650,126942,1.0,19.39129060000414,splink,0.9986013472769922,18628,182,22,18810,0.9903242955874535,0.9988203753351207,0.9945541911372131,0.9986013472769922,0.9903242955874535,0.9988203753351207,0.9945541911372131,18628,185,22,0.9901663743156328,0.9988203753351207,0.9944745482209113,0.9927741761883169,0.9990989105537922,0.9959265020021891,10014,10112
one_to_many,20260729,2026-07-22_e1_one_to_many_s20260729_seed20260729,28635,18636,123426,1.0,20.256379400001606,baseline,0.65,18608,21,28,18629,0.9988727253207365,0.9984975316591543,0.9986850932510399,0.65,0.9988727253207365,0.9984975316591543,0.9986850932510399,18608,21,28,0.9988727253207365,0.9984975316591543,0.9986850932510399,0.9994237820848612,0.9988242826377975,0.999123942432658,10115,10092
one_to_many,20260729,2026-07-22_e1_one_to_many_s20260729_seed20260729,28635,18636,123426,1.0,20.256379400001606,learned,0.6500030591266042,18620,4,16,18624,0.9997852233676976,0.9991414466623739,0.9994632313472894,0.6304418257279977,0.9997852348993289,0.9991951062459755,0.9994900834652853,18620,4,16,0.9997852233676976,0.9991414466623739,0.9994632313472894,0.9998952331063384,0.999359757872068,0.9996274237790592,10108,10092
one_to_many,20260729,2026-07-22_e1_one_to_many_s20260729_seed20260729,28635,18636,123426,1.0,20.256379400001606,splink,0.9986013472769922,18608,151,28,18759,0.9919505304120688,0.9984975316591543,0.9952132638053216,0.9986013472769922,0.9919505304120688,0.9984975316591543,0.9952132638053216,18608,154,28,0.9917919198379703,0.9984975316591543,0.9951334295951655,0.9942622664571329,0.9988708457016472,0.9965612280351859,10030,10092
