scope,path,bytes,sha256
E1_scenario_config,paper_experiments/results/E1_multiseed/configs/e1_clean_s20260720.yaml,2148,0b2b00ac9ca228d604ea3907efe8acb5703c23d129fce669132f203f24f66bd1
E1_scenario_config,paper_experiments/results/E1_multiseed/configs/e1_clean_s20260721.yaml,2148,9e70800421c5f2a676205f7db31a8d0bbadce88f45b4a6ad4674d857d2d66b86
E1_scenario_config,paper_experiments/results/E1_multiseed/configs/e1_clean_s20260722.yaml,2148,ae5027ab8598610544fc6e1105fbdaa9046d1d82dcc5eb249ffb3a852ccbf59b
E1_scenario_config,paper_experiments/results/E1_multiseed/configs/e1_clean_s20260723.yaml,2148,293c280553314d37f284536844b78bd9bf908fff9425c91a1af2498683a3c6ac
E1_scenario_config,paper_experiments/results/E1_multiseed/configs/e1_clean_s20260724.yaml,2148,1a03082d394278534834e09c6e13ec20f2fcf2270fe14ef79494708349200135
E1_scenario_config,paper_experiments/results/E1_multiseed/configs/e1_clean_s20260725.yaml,2148,a5876fb042ae658c4fe7afe9647c9e679bb3dcf2a5ca1c3dcdc64b424eb33e9b
E1_scenario_config,paper_experiments/results/E1_multiseed/configs/e1_clean_s20260726.yaml,2148,6d6afada4332b48ec8aba32a71e46b928498db4596137d325041450a04bad869
E1_scenario_config,paper_experiments/results/E1_multiseed/configs/e1_clean_s20260727.yaml,2148,71a79f1b44702ef40673acf4aebe0b6a0cd98d30afe6816b19c8ce7d1762a9fc
E1_scenario_config,paper_experiments/results/E1_multiseed/configs/e1_clean_s20260728.yaml,2148,a32058a1571d4245a79095545d28e1c050b0982fbca807e1c37e682fb7f64e64
E1_scenario_config,paper_experiments/results/E1_multiseed/configs/e1_clean_s20260729.yaml,2148,7fb20eb7b9f97b48f39f0a8ee22ac78e58e6fdff8f2144a49549c6d5dc80585e
E1_scenario_config,paper_experiments/results/E1_multiseed/configs/e1_high_noise_s20260720.yaml,2156,69b6fbf730106d7a3a37c3606d2ee06223f450bd691203f2148187c5161604e2
E1_scenario_config,paper_experiments/results/E1_multiseed/configs/e1_high_noise_s20260721.yaml,2156,cd71812ab08bfa7fb59dfdea9fc246c9db26473872128f876235d2c70ec7b4c1
E1_scenario_config,paper_experiments/results/E1_multiseed/configs/e1_high_noise_s20260722.yaml,2156,23f741a74a22fe4097563fc2927170e2599377dfff131f9c083ed33703fb0ac1
E1_scenario_config,paper_experiments/results/E1_multiseed/configs/e1_high_noise_s20260723.yaml,2156,9ee895544e517a54e7b611f0de432c56440f89df6fa7a6927980dfdedcbb7b4c
E1_scenario_config,paper_experiments/results/E1_multiseed/configs/e1_high_noise_s20260724.yaml,2156,d4949073929ba4478c8603e87f4054df56a3b3c7be73083552410eee66a4943c
E1_scenario_config,paper_experiments/results/E1_multiseed/configs/e1_high_noise_s20260725.yaml,2156,2e6e7ed5f1419117ed6933bc3be5cfe8fb1c1f0ffa54c1b6c7018d57d76d094b
E1_scenario_config,paper_experiments/results/E1_multiseed/configs/e1_high_noise_s20260726.yaml,2156,226e0f652f49184b69f9c133cd709feb029af1666505def7ff425b28e0e56ad1
E1_scenario_config,paper_experiments/results/E1_multiseed/configs/e1_high_noise_s20260727.yaml,2156,3405c5553c70f445af12c0f7a1a64e2a94c8c89d05967242d04a9648ba0227f4
E1_scenario_config,paper_experiments/results/E1_multiseed/configs/e1_high_noise_s20260728.yaml,2156,b28f05a0a29ae75b378d7041ab717d745da572e19ef2d4565d3a78f0f5aceac0
E1_scenario_config,paper_experiments/results/E1_multiseed/configs/e1_high_noise_s20260729.yaml,2156,0154fee46144001ab26fe344cb3b1e1388496beba8d32e6060d823d4b70d0e24
E1_scenario_config,paper_experiments/results/E1_multiseed/configs/e1_low_overlap_s20260720.yaml,2154,ba45d6bcef5c37abb3def67e9861c85475b94d78cf7061864f6a2c940ff19a35
E1_scenario_config,paper_experiments/results/E1_multiseed/configs/e1_low_overlap_s20260721.yaml,2154,bd9a2303340ed512a16fbc672c155fb3dc1cc0a10f3f86bc5639df30607b9409
E1_scenario_config,paper_experiments/results/E1_multiseed/configs/e1_low_overlap_s20260722.yaml,2154,0e0092899460c0d85037f67b78caefbd8827a946b1600c08e8a77f4004361148
E1_scenario_config,paper_experiments/results/E1_multiseed/configs/e1_low_overlap_s20260723.yaml,2154,2bc48d7722c243ff63c99e22935180625e275f955a6d442d1b5a462d79d14047
E1_scenario_config,paper_experiments/results/E1_multiseed/configs/e1_low_overlap_s20260724.yaml,2154,13133f45ad589f9a6330b1b1ab01fa408fa3d4dd4b0ae7f1d3ac4f495f7e2467
E1_scenario_config,paper_experiments/results/E1_multiseed/configs/e1_low_overlap_s20260725.yaml,2154,58f03072a8ddadc4b85f933f053577505de97bf8f537dcd1db7a20d2f638a4c6
E1_scenario_config,paper_experiments/results/E1_multiseed/configs/e1_low_overlap_s20260726.yaml,2154,5db78e518479a8c495844ecbedff6b69a0aa9742ecb62e3b0f4cd127f151e438
E1_scenario_config,paper_experiments/results/E1_multiseed/configs/e1_low_overlap_s20260727.yaml,2154,68d67672bc4f5664114cf2d3fe698039b67561b2800435cd97075114a998cd85
E1_scenario_config,paper_experiments/results/E1_multiseed/configs/e1_low_overlap_s20260728.yaml,2154,620b8e4b8fa978c22dc87d5f9dfdab9b2612a1ecfac0682231abdbdeca240269
E1_scenario_config,paper_experiments/results/E1_multiseed/configs/e1_low_overlap_s20260729.yaml,2154,4d7ff00819232d7964c85a375a9dfbdf71daec74105df5ddf9f84de2b7a1df5b
E1_scenario_config,paper_experiments/results/E1_multiseed/configs/e1_one_to_many_s20260720.yaml,2156,b56f8c674b441d8cb3978371b7ed1c3ba96ed6db5d815a6447312886356bdee4
E1_scenario_config,paper_experiments/results/E1_multiseed/configs/e1_one_to_many_s20260721.yaml,2156,ee76a6815647d0365a3b60cfeeb392bda4ec93e9133eb30602b02887fa0d7990
E1_scenario_config,paper_experiments/results/E1_multiseed/configs/e1_one_to_many_s20260722.yaml,2156,1721b082e07a9888cf4a5a5e95e6d9472238c9158b66f7067a5b1921579bc55f
E1_scenario_config,paper_experiments/results/E1_multiseed/configs/e1_one_to_many_s20260723.yaml,2156,bea80046fd13e4f3943bd2c175c9d9a839c816fc7d852db9de56e4be922bae00
E1_scenario_config,paper_experiments/results/E1_multiseed/configs/e1_one_to_many_s20260724.yaml,2156,28f8f5476444b4c13a0f5fd8f641bf1b02f6e1bdf9168cf19db555f0d7477b56
E1_scenario_config,paper_experiments/results/E1_multiseed/configs/e1_one_to_many_s20260725.yaml,2156,6e39a0809ca30abfedc5658b71a9e2c0279cb99fc3ca78d9c5e1d7b0fe2a8a22
E1_scenario_config,paper_experiments/results/E1_multiseed/configs/e1_one_to_many_s20260726.yaml,2156,a75f433c8b45cbd5e6bbbaafa94543b49c02ce6da863aeede15b92439b496736
E1_scenario_config,paper_experiments/results/E1_multiseed/configs/e1_one_to_many_s20260727.yaml,2156,5f91ec01694c240bd4ce5f323101f121bbd471cf2302da746c2cb3c652d8394a
E1_scenario_config,paper_experiments/results/E1_multiseed/configs/e1_one_to_many_s20260728.yaml,2156,5090321f0f803202b62460ca9a272996a9adacb86aeb75bf28ccea733b1a38aa
E1_scenario_config,paper_experiments/results/E1_multiseed/configs/e1_one_to_many_s20260729.yaml,2156,9562c97904cfb0683306c817a496f5121eb55e6ef8c3bc04cb12263a36ebf711
E2_scenario_config,paper_experiments/results/E2_E6/E2/configs/e2_adoption_blended_family_s20260720.yaml,2035,1a12020fac7e485ac5832581214acf079ea6720683a7d14092014b77ae63a2f5
E2_scenario_config,paper_experiments/results/E2_E6/E2/configs/e2_adoption_blended_family_s20260721.yaml,2035,000b5694bb40f237308b850fe123baae266e53e47707cc53a1d8124c8e4fb362
E2_scenario_config,paper_experiments/results/E2_E6/E2/configs/e2_adoption_blended_family_s20260722.yaml,2035,fffcb533c92a78f7a017b0c03ffd54cf391857256486444b950e3e698b804888
E2_scenario_config,paper_experiments/results/E2_E6/E2/configs/e2_adoption_blended_family_s20260723.yaml,2035,cc2451001f7d8e2a152a05e691432ceaf5ae583aebf83d4e1555f89bfdbdd019
E2_scenario_config,paper_experiments/results/E2_E6/E2/configs/e2_adoption_blended_family_s20260724.yaml,2035,ca7a6c57a5410f4225dab4862a40e9665f574923d5056b12f6f186e83520777b
E2_scenario_config,paper_experiments/results/E2_E6/E2/configs/e2_adoption_blended_family_s20260725.yaml,2035,bd0528b4925de1af93e47ae6c336fe3261c431e72954809591dfdeda83b1ae62
E2_scenario_config,paper_experiments/results/E2_E6/E2/configs/e2_adoption_blended_family_s20260726.yaml,2035,a1fb2e2b83da6fe70b62f5ff917468e87433c6ef9ade050b89f3aee19af3f9af
E2_scenario_config,paper_experiments/results/E2_E6/E2/configs/e2_adoption_blended_family_s20260727.yaml,2035,ee52078f2fe19b74b20dd66c9e5d92416634fc2f5f1eaf210b3b21e9cf3405f5
E2_scenario_config,paper_experiments/results/E2_E6/E2/configs/e2_adoption_blended_family_s20260728.yaml,2035,846860c95ecd6ec8b626b120e76097695198947ba3391c8cbcbba33474c53180
E2_scenario_config,paper_experiments/results/E2_E6/E2/configs/e2_adoption_blended_family_s20260729.yaml,2035,0663d4f119a4e28e1e1672572fc58475157560da06cd48c13db77f5be0a1106b
E2_scenario_config,paper_experiments/results/E2_E6/E2/configs/e2_asymmetric_source_coverage_s20260720.yaml,1422,7c5a8edc0e5980647f50d98e59d0226962fc6cb06687d885ca87c725a9a94c34
E2_scenario_config,paper_experiments/results/E2_E6/E2/configs/e2_asymmetric_source_coverage_s20260721.yaml,1422,aa4a0d483cf55e25796d45f49a2a5efdd67493a68279a68eb532e15529efa37f
E2_scenario_config,paper_experiments/results/E2_E6/E2/configs/e2_asymmetric_source_coverage_s20260722.yaml,1422,7660a0201ae767147edb36b207750757beaba4ccba885a65f68f5176eda01079
E2_scenario_config,paper_experiments/results/E2_E6/E2/configs/e2_asymmetric_source_coverage_s20260723.yaml,1422,b50cedcc83745856682ff5718cdbb6ffa10f18e57819d1a2a8f31d2b3f1e9358
E2_scenario_config,paper_experiments/results/E2_E6/E2/configs/e2_asymmetric_source_coverage_s20260724.yaml,1422,5c7c6164034397b71180bac6f04dad6360d8e90b82afcbbf054c533db2b86263
E2_scenario_config,paper_experiments/results/E2_E6/E2/configs/e2_asymmetric_source_coverage_s20260725.yaml,1422,6fc2ac80df010ed1c125a42e4f835fea851cce0e4d631487cc7a7b754d556782
E2_scenario_config,paper_experiments/results/E2_E6/E2/configs/e2_asymmetric_source_coverage_s20260726.yaml,1422,b637ab96d17d60df8ed434eb697437a15b0353091450d182a0fc0c74711106ca
E2_scenario_config,paper_experiments/results/E2_E6/E2/configs/e2_asymmetric_source_coverage_s20260727.yaml,1422,b05ac0758d0a2d4f03936c971fc6ae12faa76f929b2b169d069cb29a524c0b22
E2_scenario_config,paper_experiments/results/E2_E6/E2/configs/e2_asymmetric_source_coverage_s20260728.yaml,1422,76d0076df53f2440ebeaa90ca33a4a63c34d118be9aa7ed2b5a7f040bdaa935a
E2_scenario_config,paper_experiments/results/E2_E6/E2/configs/e2_asymmetric_source_coverage_s20260729.yaml,1422,d803e4150a5e910dcb1e6947089713001f38c54ac172032fb3209c0cd5d2a9c1
E2_scenario_config,paper_experiments/results/E2_E6/E2/configs/e2_clean_baseline_linkage_s20260719.yaml,1977,72fcb5a7ca8df7eb75598de72ee710f238c7a0660a41ab0131f5921d39d3e18d
E2_scenario_config,paper_experiments/results/E2_E6/E2/configs/e2_clean_baseline_linkage_s20260720.yaml,1977,5a6e74220d8c35bda440967405f28f298a430b79292c71712404bc23292d2699
E2_scenario_config,paper_experiments/results/E2_E6/E2/configs/e2_clean_baseline_linkage_s20260721.yaml,1977,e72cbe6692ff036f0e958fb7a2015c5d33b982b10b54872253fd116f1314191e
E2_scenario_config,paper_experiments/results/E2_E6/E2/configs/e2_clean_baseline_linkage_s20260722.yaml,1977,e027342faeb4055e53df4b625470c5f9134b57b32688c9059e328013c69ce651
E2_scenario_config,paper_experiments/results/E2_E6/E2/configs/e2_clean_baseline_linkage_s20260723.yaml,1977,347be2835752b6c4adbcc2ed60bd7d5c810d09f89bd1488ef8e56067a022e9b4
E2_scenario_config,paper_experiments/results/E2_E6/E2/configs/e2_clean_baseline_linkage_s20260724.yaml,1977,b7068e85e0c259210f2a957368d57a2fe8d0e6492337409ad559cd609ff4b48a
E2_scenario_config,paper_experiments/results/E2_E6/E2/configs/e2_clean_baseline_linkage_s20260725.yaml,1977,9123ab09438fbba598648f968e98deaa79832c8887aa7d3dc596d224d4375214
E2_scenario_config,paper_experiments/results/E2_E6/E2/configs/e2_clean_baseline_linkage_s20260726.yaml,1977,64fff8ab25610e571ed530e0b6b68592cd68ed4d36ffcbc59a127142805d09e6
E2_scenario_config,paper_experiments/results/E2_E6/E2/configs/e2_clean_baseline_linkage_s20260727.yaml,1977,d6ab195098a2459d83184369fafcb6b6250068da1cc41951356c7dc518c0506c
E2_scenario_config,paper_experiments/results/E2_E6/E2/configs/e2_clean_baseline_linkage_s20260728.yaml,1977,595e4a275a4b37eaaa52ccd89a368228ac8441210c01eb84a084193513149cfa
E2_scenario_config,paper_experiments/results/E2_E6/E2/configs/e2_clean_baseline_linkage_s20260729.yaml,1977,b066d349d6a666274f5bb14f2addbd466bd15c9af3d8cfbfa195ab5f77285910
E2_scenario_config,paper_experiments/results/E2_E6/E2/configs/e2_couple_merge_s20260720.yaml,2080,d516ce85ce7bf7f8b83a6f4f5bf6842a3bdad4cee83e92e96b01ac2ba7e961c6
E2_scenario_config,paper_experiments/results/E2_E6/E2/configs/e2_couple_merge_s20260721.yaml,2080,4fd94890954e0638652dbe7103b1db65da69c12f07857f439f710632107afed0
E2_scenario_config,paper_experiments/results/E2_E6/E2/configs/e2_couple_merge_s20260722.yaml,2080,42eebc5796a60bc0c379dafb48189344c34aad76615291a222ef2c15121c020b
E2_scenario_config,paper_experiments/results/E2_E6/E2/configs/e2_couple_merge_s20260723.yaml,2080,3dcb01cbfed3af754239599e6ac6d2915841a6ef63ecc75e15acbff565b18302
E2_scenario_config,paper_experiments/results/E2_E6/E2/configs/e2_couple_merge_s20260724.yaml,2080,2c413fa042ea243e9755dc7a396ff6a6e9cd09cce14cf0a046c4009bd8921309
E2_scenario_config,paper_experiments/results/E2_E6/E2/configs/e2_couple_merge_s20260725.yaml,2080,07602d90b52dae1f0437ca502540fac83db7cb4bf7f23e595af408864b9c25e3
E2_scenario_config,paper_experiments/results/E2_E6/E2/configs/e2_couple_merge_s20260726.yaml,2080,a989eb83820c181087e6e3c970120833c6c00a54610b6eff6ab94aa7047dfe78
E2_scenario_config,paper_experiments/results/E2_E6/E2/configs/e2_couple_merge_s20260727.yaml,2080,35d21def36441cfc5c7fa85ceae9ce01a90ed8e81363c554f51d3c77669b1431
E2_scenario_config,paper_experiments/results/E2_E6/E2/configs/e2_couple_merge_s20260728.yaml,2080,d7aef3cea1f92fa34c5241193538a57bfd539ff32fc82c4827ffa8d2d1334639
E2_scenario_config,paper_experiments/results/E2_E6/E2/configs/e2_couple_merge_s20260729.yaml,2080,701900d344fbbce6bc33d4de1a110c27f53ad4833c9c409a7dca83db00cb78ef
E2_scenario_config,paper_experiments/results/E2_E6/E2/configs/e2_death_survivor_persistence_s20260720.yaml,2004,d40c4a4b9c20461a4bfbd9d99e7107794ee614586524f82d063135546c675ac9
E2_scenario_config,paper_experiments/results/E2_E6/E2/configs/e2_death_survivor_persistence_s20260721.yaml,2004,789af53f5aca22a66e4c7c52c399627c1afd8bc40d7e381b3cd64b72fcf6d99c
E2_scenario_config,paper_experiments/results/E2_E6/E2/configs/e2_death_survivor_persistence_s20260722.yaml,2004,c211547e45d287569865b4ec7313cf6b50fb54e634c8b7019368fce99812233c
E2_scenario_config,paper_experiments/results/E2_E6/E2/configs/e2_death_survivor_persistence_s20260723.yaml,2004,eee5e575941c5545c2fc428247cff9b38bc7b7cd40c06763a740c66917d5752a
E2_scenario_config,paper_experiments/results/E2_E6/E2/configs/e2_death_survivor_persistence_s20260724.yaml,2004,1af1423a8f36a930a86cc3811898ea884a801835b5d20b0bfea036d564aab59b
E2_scenario_config,paper_experiments/results/E2_E6/E2/configs/e2_death_survivor_persistence_s20260725.yaml,2004,f84404db886bf0fc76059a4bb999c08807c87b58d47fc195b7bc25035f6a5119
E2_scenario_config,paper_experiments/results/E2_E6/E2/configs/e2_death_survivor_persistence_s20260726.yaml,2004,8268c348befc800a43350e6376f19e07d4516127eeb04f388d76764f786a6be8
E2_scenario_config,paper_experiments/results/E2_E6/E2/configs/e2_death_survivor_persistence_s20260727.yaml,2004,f40298726d274632fa0184e18b057b1d909155e477e72086c20da8e2f3bc239f
E2_scenario_config,paper_experiments/results/E2_E6/E2/configs/e2_death_survivor_persistence_s20260728.yaml,2004,d965af9f1eb4acad616398ea7531ab6d15d50de83d66c57a50a96a312befab4f
E2_scenario_config,paper_experiments/results/E2_E6/E2/configs/e2_death_survivor_persistence_s20260729.yaml,2004,fa9a01cf6624f209aaa5ba71d05b7d21be3ce872f803f891b8b34d06ae3c7f34
E2_scenario_config,paper_experiments/results/E2_E6/E2/configs/e2_divorce_custody_s20260720.yaml,2006,7f4990892a2b88f75db47ffdb41835e0f1e84e0dfbe24fa0e15278c602a8dc34
E2_scenario_config,paper_experiments/results/E2_E6/E2/configs/e2_divorce_custody_s20260721.yaml,2006,7004a50c48f0fe9c06a1874279b7aa7ded41f8d1c85b633cdc8913c5f8848610
E2_scenario_config,paper_experiments/results/E2_E6/E2/configs/e2_divorce_custody_s20260722.yaml,2006,f82de26b09fd47d7e307e622d2d6796e738242a6c55806e9643919e1809f7ba2
E2_scenario_config,paper_experiments/results/E2_E6/E2/configs/e2_divorce_custody_s20260723.yaml,2006,e2bd935e5ceabdd241afd5f57af0493730c35018ca3af58c6ea18a25d44e363d
E2_scenario_config,paper_experiments/results/E2_E6/E2/configs/e2_divorce_custody_s20260724.yaml,2006,bbe37491ed608105b27774963b27cf15a235a854b2be6e8f25e702b1f8d067ad
E2_scenario_config,paper_experiments/results/E2_E6/E2/configs/e2_divorce_custody_s20260725.yaml,2006,2a8c5aec6822c5b3a23341aaeb8fae20eb1bf9d843bf54e9f5a16cceb8986825
E2_scenario_config,paper_experiments/results/E2_E6/E2/configs/e2_divorce_custody_s20260726.yaml,2006,87564877732c5160d2b6ac3d072899180f2bc9b07b65d6937f652def3763914c
E2_scenario_config,paper_experiments/results/E2_E6/E2/configs/e2_divorce_custody_s20260727.yaml,2006,23b63147a0361e861fe371e1b5a1b872793e414e6c8dec077967ef35480a741c
E2_scenario_config,paper_experiments/results/E2_E6/E2/configs/e2_divorce_custody_s20260728.yaml,2006,2fba3a18c8ccd239ebcee49b61f1ab918891e8feb466257e7cd7a825b05c8c03
E2_scenario_config,paper_experiments/results/E2_E6/E2/configs/e2_divorce_custody_s20260729.yaml,2006,0e2afaf43f94009a4f09f633ad0e2295dd766397816a23850dc3873d0bbf9c9a
E2_scenario_config,paper_experiments/results/E2_E6/E2/configs/e2_family_birth_s20260720.yaml,2080,03fadc2a5ca8b79ec3d128fba52f3466b4fda2ece46647ba112b8b5b1281fc4f
E2_scenario_config,paper_experiments/results/E2_E6/E2/configs/e2_family_birth_s20260721.yaml,2080,00c48842f026f483769a2c84df3f27ec55cdeafc01926984f032215d84ca522b
E2_scenario_config,paper_experiments/results/E2_E6/E2/configs/e2_family_birth_s20260722.yaml,2080,fcfbffe7951c43c81b0c49345f2dfee722112f2f290a41c3ed223195c7d463cc
E2_scenario_config,paper_experiments/results/E2_E6/E2/configs/e2_family_birth_s20260723.yaml,2080,401c61137ae625f42ef50d3d4533146fb546517bfa4a4aed31e4bf6348755121
E2_scenario_config,paper_experiments/results/E2_E6/E2/configs/e2_family_birth_s20260724.yaml,2080,cdd1669568cdfd576b1d31a8b30365048bfa614a038bfbe86877f35bf18daee0
E2_scenario_config,paper_experiments/results/E2_E6/E2/configs/e2_family_birth_s20260725.yaml,2080,fcce0e14804a5e6438f770d23a3c91dd50349833d2a473a9d8215060479d73c6
E2_scenario_config,paper_experiments/results/E2_E6/E2/configs/e2_family_birth_s20260726.yaml,2080,54681ae0b9b366c02df22f3af593021b55921e7030200c53ae7582fd90aa4c98
E2_scenario_config,paper_experiments/results/E2_E6/E2/configs/e2_family_birth_s20260727.yaml,2080,8df797aabeca949681dd581967b742963c531f0a967fddecfe8570497492c0c3
E2_scenario_config,paper_experiments/results/E2_E6/E2/configs/e2_family_birth_s20260728.yaml,2080,08d83d5afc615d58ad943eae55499c9bc87fe26337ad74f389eec53e66282efc
E2_scenario_config,paper_experiments/results/E2_E6/E2/configs/e2_family_birth_s20260729.yaml,2080,2c31bc014566c810f406da659e0c7fdc78e2012a78c8c60d7cdaaee115f8e01e
E2_scenario_config,paper_experiments/results/E2_E6/E2/configs/e2_high_duplication_dedup_s20260720.yaml,1647,289efadd320fd0e0968abab8b967845bc80b6cc7a5df3d4e2414c3739793cb15
E2_scenario_config,paper_experiments/results/E2_E6/E2/configs/e2_high_duplication_dedup_s20260721.yaml,1647,497a4bc10c399f020af1e4617233e6e8d8e762b863b5ed50f21ad25cccb68872
E2_scenario_config,paper_experiments/results/E2_E6/E2/configs/e2_high_duplication_dedup_s20260722.yaml,1647,6c2916b774e929dc658318f342cd48591cfa2cef4cd09acb5cac53d16e05ba5c
E2_scenario_config,paper_experiments/results/E2_E6/E2/configs/e2_high_duplication_dedup_s20260723.yaml,1647,dc728ed00c2339b5b3966d1f1d986e6dfa1e790be01550421fde94a610de529c
E2_scenario_config,paper_experiments/results/E2_E6/E2/configs/e2_high_duplication_dedup_s20260724.yaml,1647,159d604485d2389ab0e89368a7033a3d8ee13c477f1c2154166a3944facf66bd
E2_scenario_config,paper_experiments/results/E2_E6/E2/configs/e2_high_duplication_dedup_s20260725.yaml,1647,1a861a0bba635e5a61f8a8ea5d0e4a3a2adf0d4262cf6ed5af4c08b977241f56
E2_scenario_config,paper_experiments/results/E2_E6/E2/configs/e2_high_duplication_dedup_s20260726.yaml,1647,50f91132d462a11a5e5c5a0a5284f431af458bebf619b7e3c060741a32cb6e67
E2_scenario_config,paper_experiments/results/E2_E6/E2/configs/e2_high_duplication_dedup_s20260727.yaml,1647,6e2ad763836e726a1cd70a3583a526e20a3eae7ee829248cfa002770d6c34336
E2_scenario_config,paper_experiments/results/E2_E6/E2/configs/e2_high_duplication_dedup_s20260728.yaml,1647,566a7349279c0775b47af8647dc2df61d82690ccf98b438f999e3444c6d34a9d
E2_scenario_config,paper_experiments/results/E2_E6/E2/configs/e2_high_duplication_dedup_s20260729.yaml,1647,b7594b0af65eb76a34cd4100f46ad299abb76acd33c84c3c300764590f7699de
E2_scenario_config,paper_experiments/results/E2_E6/E2/configs/e2_high_noise_identity_drift_s20260720.yaml,1985,6511ecedf6eb3471c7f1bf3bd803b651be1ab8d59ab89cc997f5a8cd6f971835
E2_scenario_config,paper_experiments/results/E2_E6/E2/configs/e2_high_noise_identity_drift_s20260721.yaml,1985,b40000d2f189168ee4e8781bc48a70202cd29576d2cad4b04193d4c89551803c
E2_scenario_config,paper_experiments/results/E2_E6/E2/configs/e2_high_noise_identity_drift_s20260722.yaml,1985,9e410ee6713bb8e515e7f8242bef9ca0e7e0f783ddf5812aaad1010fffd627d5
E2_scenario_config,paper_experiments/results/E2_E6/E2/configs/e2_high_noise_identity_drift_s20260723.yaml,1985,85cb222093d1568de59db03e3e32d2741e6ff374cec18d4606ead457a51b6a83
E2_scenario_config,paper_experiments/results/E2_E6/E2/configs/e2_high_noise_identity_drift_s20260724.yaml,1985,2eb70ac6b111bed3e8bb259c2656190ca835515dcbd8921eae79da37786fa21f
E2_scenario_config,paper_experiments/results/E2_E6/E2/configs/e2_high_noise_identity_drift_s20260725.yaml,1985,02267d29faf8dfd2462cfaa7dc20cc9eec5e52c4b90a3069bfad61e2421c988b
E2_scenario_config,paper_experiments/results/E2_E6/E2/configs/e2_high_noise_identity_drift_s20260726.yaml,1985,d2dd5e30b6ab9dde839262d132d4fca70d4d6d1b414bd1f505d773fcd474ca4c
E2_scenario_config,paper_experiments/results/E2_E6/E2/configs/e2_high_noise_identity_drift_s20260727.yaml,1985,6231fd3c886b6855658f8451c1563dd7ca6c9d29967d9ba4f6470d94477ca303
E2_scenario_config,paper_experiments/results/E2_E6/E2/configs/e2_high_noise_identity_drift_s20260728.yaml,1985,21423a8ff1b3b82bc946062d7e84e32dd329978a93a055f2eb25203db0629c88
E2_scenario_config,paper_experiments/results/E2_E6/E2/configs/e2_high_noise_identity_drift_s20260729.yaml,1985,535267a87eb2f7323e9e431a3a4d2f74b5a95436b616eaae657bac30f29a8123
E2_scenario_config,paper_experiments/results/E2_E6/E2/configs/e2_low_overlap_sparse_coverage_s20260720.yaml,1428,d0accd978d65eef0fb07fc12fbda3a4d853ac3937e717bbe404e29bb7853fdf1
E2_scenario_config,paper_experiments/results/E2_E6/E2/configs/e2_low_overlap_sparse_coverage_s20260721.yaml,1428,ba7b49e0fe12c795d2740f878016c769a20b52196cd9091b969904acdceeaf3f
E2_scenario_config,paper_experiments/results/E2_E6/E2/configs/e2_low_overlap_sparse_coverage_s20260722.yaml,1428,7439a57e7ce594a1cc94ebe5dd931ea4cc0f1ea3d3f727fd515e4be78fe1cedc
E2_scenario_config,paper_experiments/results/E2_E6/E2/configs/e2_low_overlap_sparse_coverage_s20260723.yaml,1428,963c538a66eec6fe3388c0e80141a55b3473fddd20f234c48a3b02bad513d064
E2_scenario_config,paper_experiments/results/E2_E6/E2/configs/e2_low_overlap_sparse_coverage_s20260724.yaml,1428,35dedb279288dec0ead698aefdeb8ad909ec065c9dea8ed00cc4010dc9d5d934
E2_scenario_config,paper_experiments/results/E2_E6/E2/configs/e2_low_overlap_sparse_coverage_s20260725.yaml,1428,f06901ef3ff94af9c812a0b700462f1c978912725a383010eb6898b61cd0ed25
E2_scenario_config,paper_experiments/results/E2_E6/E2/configs/e2_low_overlap_sparse_coverage_s20260726.yaml,1428,9a4b98eb23bc80971d46c0fd4fd8fbbdb0c673083ab08f883f4153a57e60dc5a
E2_scenario_config,paper_experiments/results/E2_E6/E2/configs/e2_low_overlap_sparse_coverage_s20260727.yaml,1428,fb88eb1b76dcb762955e52ce44ba3208ea00fb91a4227c21a9220d138f7f7414
E2_scenario_config,paper_experiments/results/E2_E6/E2/configs/e2_low_overlap_sparse_coverage_s20260728.yaml,1428,32ac7d58303a009e744f9fa298bd5c5636fc24ed1a69f7751f78b672c472ade5
E2_scenario_config,paper_experiments/results/E2_E6/E2/configs/e2_low_overlap_sparse_coverage_s20260729.yaml,1428,0066643510a37f2a801a819b2136492891d707bcef2700f4dd26db7635f9e845
E2_scenario_config,paper_experiments/results/E2_E6/E2/configs/e2_name_change_lifecycle_s20260720.yaml,2039,f82b6bf8ce8937d849f254bcdb9888262d6e8c4eaae222eac5814bdc8f131bec
E2_scenario_config,paper_experiments/results/E2_E6/E2/configs/e2_name_change_lifecycle_s20260721.yaml,2039,ac30f17fc1ec3f46ee0c2fe854f4c9c91d4a0db9da7cf4eea1929bd1bd509757
E2_scenario_config,paper_experiments/results/E2_E6/E2/configs/e2_name_change_lifecycle_s20260722.yaml,2039,c808a6fd85a04d5fa698d555e4a3b0d01c0919b72c053f42bcb04eb7619f6f5e
E2_scenario_config,paper_experiments/results/E2_E6/E2/configs/e2_name_change_lifecycle_s20260723.yaml,2039,e7e64cc30e5014c9f842409484df6f972c262eb1f689b0d09bd009f0beecc2fd
E2_scenario_config,paper_experiments/results/E2_E6/E2/configs/e2_name_change_lifecycle_s20260724.yaml,2039,8367393b15640765eaa94c05fd642a0be2fac71f4aca875b314f50c69cf945cf
E2_scenario_config,paper_experiments/results/E2_E6/E2/configs/e2_name_change_lifecycle_s20260725.yaml,2039,4715b7da20b624ba248335a0b369268615da034516f6e7d5aed2f15f2f50a3a1
E2_scenario_config,paper_experiments/results/E2_E6/E2/configs/e2_name_change_lifecycle_s20260726.yaml,2039,6030617c698a3a6be7bdd3931a756127ed7ab8762579f3d0a4df8b6cb179f9aa
E2_scenario_config,paper_experiments/results/E2_E6/E2/configs/e2_name_change_lifecycle_s20260727.yaml,2039,2ff8a2b564446539434e92a6210fcbcc5677e25f4d344f8d6f1b559f88dcc941
E2_scenario_config,paper_experiments/results/E2_E6/E2/configs/e2_name_change_lifecycle_s20260728.yaml,2039,5b61c22cfbb381118ed4f96c95191b768dcceac5d8fb27aaf3a8eec5b8441ea1
E2_scenario_config,paper_experiments/results/E2_E6/E2/configs/e2_name_change_lifecycle_s20260729.yaml,2039,711f52e11c191ae129d3ae3fa835c9b24eaa96f6747ab3f800ac5f68d1bfb0cd
E2_scenario_config,paper_experiments/results/E2_E6/E2/configs/e2_roommates_split_s20260720.yaml,2175,ab16c3b9702427ac583c06b8606d5b912c53d522515b3e8c67673796b2c514fd
E2_scenario_config,paper_experiments/results/E2_E6/E2/configs/e2_roommates_split_s20260721.yaml,2175,11c98cd118e63a1daa3b9ecffa19978a594fb19d51e71e308358590f9ee54050
E2_scenario_config,paper_experiments/results/E2_E6/E2/configs/e2_roommates_split_s20260722.yaml,2175,b522486cb1890aa54d78892ff6cc35d6021f5001ad7fb52988b1f4a1e7eac08a
E2_scenario_config,paper_experiments/results/E2_E6/E2/configs/e2_roommates_split_s20260723.yaml,2175,3f9e5e26eb2385b9d921a93755e80100fcb7e5b24f524ac788b93bcebe322a9d
E2_scenario_config,paper_experiments/results/E2_E6/E2/configs/e2_roommates_split_s20260724.yaml,2175,2beac1706bf3a01dc8ba3ed25145d3ce8d20ea29d0190fe58f1d5fbb8f5d208a
E2_scenario_config,paper_experiments/results/E2_E6/E2/configs/e2_roommates_split_s20260725.yaml,2175,5c2f6ea747d1d058c403069fb9cc48c431ac0fd38b37b1f12214a8798301d138
E2_scenario_config,paper_experiments/results/E2_E6/E2/configs/e2_roommates_split_s20260726.yaml,2175,7585c44b6685a0745e5687a70c30de6f9ff4eeaf4efeb9905150f6c34ad1ec2f
E2_scenario_config,paper_experiments/results/E2_E6/E2/configs/e2_roommates_split_s20260727.yaml,2175,5f3a6846b53b81c5a966045d609f564d4f772f9a8b66bae04a54376dba431159
E2_scenario_config,paper_experiments/results/E2_E6/E2/configs/e2_roommates_split_s20260728.yaml,2175,2808db190f678f18d55a0069ae7f4c748b0d670161ac57f2f0f9d335f2b93817
E2_scenario_config,paper_experiments/results/E2_E6/E2/configs/e2_roommates_split_s20260729.yaml,2175,6239fc02c426b1afe22b60716c612227fd059c4217807e2dd7771a06c77549b0
E2_scenario_config,paper_experiments/results/E2_E6/E2/configs/e2_single_movers_s20260720.yaml,2021,4b7ad5f91c2cefe7919b753474211eab9ea3fd27afb52af5fc1f0ce63db0d61e
E2_scenario_config,paper_experiments/results/E2_E6/E2/configs/e2_single_movers_s20260721.yaml,2021,92bbd70ea77bbb3c180d73674e8b2ad825d705d90d68d78b672749837ffea0b6
E2_scenario_config,paper_experiments/results/E2_E6/E2/configs/e2_single_movers_s20260722.yaml,2021,134b350c63f545a867fd53e446ce1405e2b7eacd3543822bc22ac833d27b9968
E2_scenario_config,paper_experiments/results/E2_E6/E2/configs/e2_single_movers_s20260723.yaml,2021,7ea1baf60e8849d83a707bdab9a9de1c5ab33298e964c201a89e57585b95602f
E2_scenario_config,paper_experiments/results/E2_E6/E2/configs/e2_single_movers_s20260724.yaml,2021,cc9d4b07bd54a4b39762d23c8acd02e4c3fcc1e113dbd3073ea4294d8a9b4887
E2_scenario_config,paper_experiments/results/E2_E6/E2/configs/e2_single_movers_s20260725.yaml,2021,13c10bfd53c8bdf7bb5da97ff617395059a49e69e87ac74df74424c0e4481f69
E2_scenario_config,paper_experiments/results/E2_E6/E2/configs/e2_single_movers_s20260726.yaml,2021,63e5b92fef5b336da531c6f8e8faa7145bb4913072ea6cad655b74c2deb1584c
E2_scenario_config,paper_experiments/results/E2_E6/E2/configs/e2_single_movers_s20260727.yaml,2021,0e26bbfa9a62265814fcbd1a131fac0de7f61cd99d21f7991e6e24f6b364695e
E2_scenario_config,paper_experiments/results/E2_E6/E2/configs/e2_single_movers_s20260728.yaml,2021,239cb7afeb37da0e2b50ca3d77fd747626215645754012b9bcbe8c9d4bdc3708
E2_scenario_config,paper_experiments/results/E2_E6/E2/configs/e2_single_movers_s20260729.yaml,2021,f3f988baebbc11155b4c582ba86c9a6f33cf25db0c6ca8573094c0f82b0d4141
E2_scenario_config,paper_experiments/results/E2_E6/E2/configs/e2_three_source_partial_overlap_s20260720.yaml,1832,9329793589c69b3faba275d0bb1618a20c8675cc5dc87db9e7e094c98d546978
E2_scenario_config,paper_experiments/results/E2_E6/E2/configs/e2_three_source_partial_overlap_s20260721.yaml,1832,fe8dfe15597da2952a160881bca7f3880f2cfefee083d75133f6dfd0c33980b8
E2_scenario_config,paper_experiments/results/E2_E6/E2/configs/e2_three_source_partial_overlap_s20260722.yaml,1832,d21685fcba83abc96987c5d8cc3d1253feb9b28f400d8523c549f0a88b9b5278
E2_scenario_config,paper_experiments/results/E2_E6/E2/configs/e2_three_source_partial_overlap_s20260723.yaml,1832,1520ab912e352c63936e95a0222eb340fa69bf26d68c24e30c41f6f7a86e4969
E2_scenario_config,paper_experiments/results/E2_E6/E2/configs/e2_three_source_partial_overlap_s20260724.yaml,1832,408747b5686b1898a01b2eb5e99460a48cdc40d8a24e37f1a488f4a0278b5ce1
E2_scenario_config,paper_experiments/results/E2_E6/E2/configs/e2_three_source_partial_overlap_s20260725.yaml,1832,bc2591412d87afdd6df624938b46fe504d01c550f090787386b4e23179977750
E2_scenario_config,paper_experiments/results/E2_E6/E2/configs/e2_three_source_partial_overlap_s20260726.yaml,1832,8223479c28c49afb6a8f41dfdb1e7a9d8923ef8841b932663625612cb4645ec5
E2_scenario_config,paper_experiments/results/E2_E6/E2/configs/e2_three_source_partial_overlap_s20260727.yaml,1832,2ff6588f3c34bb165d1f2bfed479d2866c0184afd9a1f101430e9639eccefdae
E2_scenario_config,paper_experiments/results/E2_E6/E2/configs/e2_three_source_partial_overlap_s20260728.yaml,1832,2f2d43b0322fec00cbe71592e039e15462506074df1fece88187913e0eecd088
E2_scenario_config,paper_experiments/results/E2_E6/E2/configs/e2_three_source_partial_overlap_s20260729.yaml,1832,923ce411b7dc6778e1bae8565e6a896a76c8f23f2ea81473c0bdc5cc529173a2
E7_E11_result,paper_experiments/results/E7_E11/E10/e10_capability_matrix.csv,1625,3ed8670c80c66147a6e35a661a0e26d830b8eb69a9ef75c34505390f12d1e88c
E7_E11_result,paper_experiments/results/E7_E11/E10/E10_REPORT.md,5710,b4e3215e7e184105c385f504b9a0a2c00862e1abde4ae12e0bf2f512b7bcdb2d
E7_E11_result,paper_experiments/results/E7_E11/E10/e10_sources.csv,4496,516491076ca0707364a416f089f3bb4a08ff7c79d85263966825c729ed2a7304
E7_E11_result,paper_experiments/results/E7_E11/E11/configs/e11_sog_couple_merge_s20260719.yaml,2085,f6e5db71bf7e7d5c902701995f188ed65d29b4c6e50b7bca6a77b85abd526af1
E7_E11_result,paper_experiments/results/E7_E11/E11/e11_comparison.csv,1110,113a241f60e14956eba582bfd3c3e2a083e344737b0a7a79417654a601a3cb2b
E7_E11_result,paper_experiments/results/E7_E11/E11/e11_generation_audit.json,6426,9c97b6df17841f0334857b3c674785f249b35410b678d44ebf4fa9e22097a4f0
E7_E11_result,paper_experiments/results/E7_E11/E11/e11_input_hashes.csv,4237,862f9343d6da3be37667643a9789502c630ffc66d51ac77974e37e8bdc369c91
E7_E11_result,paper_experiments/results/E7_E11/E11/e11_matcher_comparison.png,51458,d9eb92febee82b09106500442a5d26a2d5a0dc757d2c563538a2376396e32ac4
E7_E11_result,paper_experiments/results/E7_E11/E11/e11_noise_calibration.csv,2638,af7c0f8b6cd45453a42afde695dde36220f6afee1763fe0342d1a61f86803e13
E7_E11_result,paper_experiments/results/E7_E11/E11/e11_per_run.csv,16672,04fea9d23218e441a17630f2582b1b8eb8f81947e467ca716dec56fd3b861c09
E7_E11_result,paper_experiments/results/E7_E11/E11/E11_REPORT.md,4793,1bc4914195de2874e52ca298095b8b502b31ccb1fe6351d27b1fed4e3d79d67c
E7_E11_result,paper_experiments/results/E7_E11/E11/e11_summary.csv,2597,8f6d4136cc04fdcf73e8642e32ba1029603b069844141b84e923b7e802f2120f
E7_E11_result,paper_experiments/results/E7_E11/E11/e11_validation.json,1052,76189cdc97abba7e4cfb9416089a4fbd79aafbd35eafea9c7eaa4f54bb9517fd
E7_E11_result,paper_experiments/results/E7_E11/E11/environment.json,219,33eb6123dc0b54d058145aabf9e74f4f6d15946c40c0a9ac4ee01b65d14a909d
E7_E11_result,paper_experiments/results/E7_E11/E11/upstream/GECO_PY3_PORT.patch,68806,efc718e02804d89cf46e984b9f0bbd81d2cf09d0096dfe8fbee825f0314e6aac
E7_E11_result,paper_experiments/results/E7_E11/E11/upstream/MPL2.0.txt,17099,cde215e5b42363eb28ca2462c4558ff4807b38f383c537624c31e44657ac58f4
E7_E11_result,paper_experiments/results/E7_E11/E11/upstream/SOURCE_METADATA.json,1215,d5dff7a0369faec1ca63d07c93ad0e64e04f67d005bd0eed7aa29ac687b2000d
E7_E11_result,paper_experiments/results/E7_E11/E7/e7_household_summary.csv,1282,9f97c04ab881f4b9c3c3ca0b6f461325b7538f9474d4e2aa79851d392ae5c04e
E7_E11_result,paper_experiments/results/E7_E11/E7/e7_per_seed.csv,46238,539876d12e279b553b5b1d4c82d3548ec338f8a90dba3da4f3af74d41fba97d8
E7_E11_result,paper_experiments/results/E7_E11/E7/E7_REPORT.md,3591,481a5e49dd2699e4437f14b0d906b1b71f9edf9a65cbb9462ca47f4635d035cb
E7_E11_result,paper_experiments/results/E7_E11/E7/e7_summary.csv,5220,a31795cabd0b0c6afd4c04db85643ff60ef5a339f9ff27a4bb51cf1aec32b171
E7_E11_result,paper_experiments/results/E7_E11/E7/e7_surname_summary.csv,1116,dc1cdf5e92fef3bbe0a23b0888f80a79e6c7d9d43701ae52172f3eecaa188976
E7_E11_result,paper_experiments/results/E7_E11/E7/e7_target_hashes.csv,887,8732a46ef26fbaf9ced54d44bb3398634e15b56d158fec7d73fd4e64d1003490
E7_E11_result,paper_experiments/results/E7_E11/E7/e7_target_vs_achieved.png,54602,f00e40f05d1b238731a0db172fae5dab64258cae8fbf0d4d41887781cd804ada
E7_E11_result,paper_experiments/results/E7_E11/E7/e7_truth_artifact_hashes.csv,12953,2dd2b0ecdfe5f32bc042594d829cfca450b6e9f4c21e0f634f5f83e1d3af47d8
E7_E11_result,paper_experiments/results/E7_E11/E7/e7_validation.json,1363,34d4494f66ab2c80fe14a0e9248988b339aff51038fd35291ba251e2d81376fd
E7_E11_result,paper_experiments/results/E7_E11/E8/e8_hardware.json,657,24303a1eed6a14bf49f18ec8f90fd6ee54fa34fc2c36add2f6598818e615c712
E7_E11_result,paper_experiments/results/E7_E11/E8/E8_REPORT.md,1605,04ffc0f29bcee375a65778ace4e1238b4e9e1f343cd797bf69c8fd9b5f1156c2
E7_E11_result,paper_experiments/results/E7_E11/E8/e8_runtime_repetitions.csv,2490,6acd90858f38b4e5c3c87af833dd01dc8d3eb491df65f3654500d7f24be87a7e
E7_E11_result,paper_experiments/results/E7_E11/E8/e8_runtime_summary.csv,390,8c03b319e5cfa0eb2d272964e247201df23a42d70d39922f7fcca0492fd84093
E7_E11_result,paper_experiments/results/E7_E11/E8/e8_validation.json,463,44b8c8ebd92e085c1084706bee4e7910415dbbae634bcea3b76d4c6ae927fe5d
E7_E11_result,paper_experiments/results/E7_E11/E8/e8_workload_per_seed.csv,5160,2971344ddb484ef21d926f24de27376088a6892c45be1147b6d58bff1c35b854
E7_E11_result,paper_experiments/results/E7_E11/E8/e8_workload_summary.csv,1143,9a1042c3aa12f3174f9082e3bf404ec6d50ce207e2d070b48d4e3220fdfe1701
E7_E11_result,paper_experiments/results/E7_E11/E9/archive_status.json,1147,cbead8c094f4eb3ee3bc23583d40358ab302437ad33e2fce984a103fa9cfd0a5
E7_E11_result,paper_experiments/results/E7_E11/E9/REFERENCE_10_TEMPLATE.md,705,fd0b6de58f83e67013ff061be853879c980aef9a81e30a8f25f9c1bdecaac8dc
E7_E11_result,paper_experiments/results/E7_E11/E9/REPRODUCIBILITY.md,3434,974b2a7445015bc9fc7391db1267e9c8751f321cc77cc8a5cf1591e799a12a29
E7_E11_result,paper_experiments/results/E7_E11/E9/zenodo_metadata.json,1085,0ec017dfd2309e9dc89c44c31d298c4119b5a1e6616abe7712ecc870ee42c549
E7_E11_result,paper_experiments/results/E7_E11/PACKAGE_VALIDATION.json,1000,2f93c6ca0495bed5043763d594ab48702006dca9ce34bba0d59fb2000377e45b
E7_E11_result,paper_experiments/results/E7_E11/RESULTS_INDEX.md,2359,eb5f205411135e3c25c45febfd952880432760a151334162314461644d06a464
evaluation_source,evaluation/external_validity.py,8900,e3aa17685abec072b1eac50bf125bfc3b476f29db74febdafd236fd024ce7ad0
evaluation_source,evaluation/geco_adapter.py,14208,9922dedabae0edb7e22a7dff792e041b9356adbb33e7da4ff4180fb17b1489bf
evaluation_source,evaluation/metrics.py,12408,cdcb6d97725952b0b2e5b925257b32e15ab84722e4c1a067130a0208ca0ffb01
evaluation_source,evaluation/tests/test_external_validity.py,2045,cdf26fc44d8f211f0653ff20775c5061de14dd2b793075c40918388924bd246c
evaluation_source,evaluation/tests/test_geco_adapter.py,1530,fbeaf1596d7101c1fc7c1b6a95779d50d69c963c25d8811d5dff8bca604b9586
evaluation_source,evaluation/tests/test_metrics.py,2663,d05381f415bfcd8d11287f2c42d02d1fe71889fdb31b5931e08b720ef182feeb
evaluation_source,paper_experiments/E7_E11_PREREGISTRATION.md,8162,78c185772157373fdea27404c3ad27695308d0097d4baea18cd0ede83c3277fe
evaluation_source,paper_experiments/finalize_e7_e11.py,8658,8a5d8742168d2535b159af5bc4dd1bcde707c0a9b5eefa5ea8c4f0ab9395bc9e
evaluation_source,paper_experiments/README.md,4962,4b7857723fc6e1229df75e03e999f35cb2e72c9b419ddf2a0aaff47bac4db3be
evaluation_source,paper_experiments/run_e11.py,27094,0076fe1b8facb81eb73291fa9c87170ff456f3911b4500d64d853bfde61f35ee
evaluation_source,paper_experiments/run_e7.py,20980,2864663d0e0a7a206e215cda30c07398098229d53767302f1006c0ef5cc5075f
evaluation_source,paper_experiments/run_e8.py,11773,ff39960616ac2aa67a94eaabfa8b61a41d8c731d660378279aa361b1be327827
pinned_upstream,paper_experiments/vendor/geco/geco-data-generator-corruptor.tar.gz,1958129,676b143d208b44a306002c05fb2b17d1a21c40e1972d4be7db8b03c130d0ab0c
pinned_upstream,paper_experiments/vendor/geco/README.md,779,88adb936e0b9c616350a3844c1cd06cb772098f30f7a5be89bc88bf4b94fb9f9
